1,,"800 Новообразования, БДУ",,,
2,1,"Новообразование доброкачественное",8000,0,"8000/0"
3,1,"Новообразование,которое не определено как доброкачественое или злокачественное",8000,1,"8000/1"
4,1,"Новообразование злокачественное",8000,3,"8000/3"
5,1,"Новообразование метастатическое",8000,6,"8000/6"
6,1,"Новообразование, злокачественное,неопределенной локализации",8000,9,"8000/9"
7,1,"Опухолевые клетки доброкачественные",8001,0,"8001/0"
8,1,"Опухолевые клетки, которые не определены как доброкачественные или злокачественные",8001,1,"8001/1"
9,1,"Опухолевые клетки злокачественные",8001,3,"8001/3"
10,1,"Злокачественная опухоль мелкоклеточная",8002,3,"8002/3"
11,1,"Злокачественная опухоль гигантоклеточная",8003,3,"8003/3"
12,1,"Злокачественная опухоль веретеноклеточная",8004,3,"8004/3"
13,1,"Светлоклеточная опухоль, БДУ",8005,0,"8005/0"
14,1,"Злокачественная опухоль, светлоклеточная",8005,3,"8005/3"
15,,"801—804 Эпителиальные  новообразования, БДУ",,,
16,15,"Эпителиальная опухоль доброкачественная",8010,0,"8010/0"
17,15,"Рак in situ БДУ",8010,2,"8010/2"
18,15,"Рак БДУ",8010,3,"8010/3"
19,15,"Рак метастатический БДУ",8010,6,"8010/6"
20,15,"Карциноматоз",8010,9,"8010/9"
21,15,"Эпителиома доброкачественная",8011,0,"8011/0"
22,15,"Эпителиома злокачественная",8011,3,"8011/3"
23,15,"Крупноклеточный рак БДУ",8012,3,"8012/3"
24,15,"Крупноклеточный нейроэндокринный рак",8013,3,"8013/3"
25,15,"Крупноклеточный рабдоидный рак",8014,3,"8014/3"
26,15,"Стекловидноклеточный рак",8015,3,"8015/3"
27,15,"Недифференцированный рак БДУ",8020,3,"8020/3"
28,15,"Анапластический рак БДУ",8021,3,"8021/3"
29,15,"Плеоморный рак",8022,3,"8022/3"
30,15,"Гигантоклеточный и веретеноклеточный рак",8030,3,"8030/3"
31,15,"Гигантоклеточный рак",8031,3,"8031/3"
32,15,"Веретеноклеточный рак",8032,3,"8032/3"
33,15,"Псевдосаркоматозный рак",8033,3,"8033/3"
34,15,"Полигональноклеточный рак",8034,3,"8034/3"
35,15,"Рак из остеокластоподобных гигантских клеток",8035,3,"8035/3"
36,15,"Микроопухоль, доброкачественная",8040,0,"8040/0"
37,15,"Микроопухоль",8040,1,"8040/1"
38,15,"Мелкоклеточный рак БДУ",8041,3,"8041/3"
39,15,"Овсяноклеточный рак (С34.-)",8042,3,"8042/3"
40,15,"Мелкоклеточный рак веретеноклеточный (С34.-)",8043,3,"8043/3"
41,15,"Мелкоклеточный рак промежуточноклеточный (С34.-)",8044,3,"8044/3"
42,15,"Мелко-крупноклеточный рак (С34.-)",8045,3,"8045/3"
43,15,"Немелкоклеточный рак (С34._)",8046,3,"8046/3"
44,,"805—808 Плоскоклеточные  новообразования",,,
45,44,"Папиллома БДУ (исключая папиллому мочевого пузыря М8120/1)",8050,0,"8050/0"
46,44,"Папиллярный рак in situ",8050,2,"8050/2"
47,44,"Папиллярный рак, БДУ",8050,3,"8050/3"
48,44,"Бородавчатая [веррукозная] папиллом",8051,0,"8051/0"
49,44,"Бородавчатый [веррукозный] рак БДУ",8051,3,"8051/3"
50,44,"Плоскоклеточная папиллом",8052,0,"8052/0"
51,44,"Папиллярный плоскоклеточный рак,неинвазивный",8052,2,"8052/2"
52,44,"Папиллярный плоскоклеточный рак",8052,3,"8052/3"
53,44,"Инвертированная папиллом",8053,0,"8053/0"
54,44,"Папилломатоз БДУ",8060,0,"8060/0"
55,44,"Плоскоклеточный рак in situ БДУ",8070,2,"8070/2"
56,44,"Плоскоклеточный рак БДУ",8070,3,"8070/3"
57,44,"Плоскоклеточный рак метастатический БДУ",8070,6,"8070/6"
58,44,"Плоскоклеточный рак орогевевающий БДУ",8071,3,"8071/3"
59,44,"Плоскоклеточный рак крупноклеточный неороговевающий",8072,3,"8072/3"
60,44,"Плоскоклеточный рак мелкоклеточный неороговевающий",8073,3,"8073/3"
61,44,"Плоскоклеточный рак веретеноклеточный",8074,3,"8074/3"
62,44,"Плоскоклеточный рак аденоидный",8075,3,"8075/3"
63,44,"Плоскоклеточный рак in situ с подозрением на инвазию стромы(D06.-)",8076,2,"8076/2"
64,44,"Плоскоклеточный рак микроинвазивный (С53.-)",8076,3,"8076/3"
65,44,"Плоскоклеточная интраэпителиальная неоплазия низкой степени злокачественности",8077,0,"8077/0"
66,44,"Интраэпителиальное новообразование III степени шейки матки, вульвы и влагалищ",8077,2,"8077/2"
67,44,"Плоскоклеточный рак с ороговением",8078,3,"8078/3"
68,44,"Эритроплазия Кейра (D07.4)",8080,2,"8080/2"
69,44,"Болезнь Боуэна (С44._)",8081,2,"8081/2"
70,44,"Лимфоэпителиальный рак",8082,3,"8082/3"
71,44,"Базалоидный плоскоклеточный рак",8083,3,"8083/3"
72,44,"Плоскоклеточный рак, светлоклеточный",8084,3,"8084/3"
73,,"809-811 Базальноклеточные  новообразования",,,
74,73,"Базально-клеточная опухоль (D48.5)",8090,1,"8090/1"
75,73,"Базально-клеточный рак БДУ (С44.-)",8090,3,"8090/3"
76,73,"Мультицентрический базально-клеточный рак (С44.-)",8091,3,"8091/3"
77,73,"Базально-клеточный рак склеродермоподобный (С44.-)",8092,3,"8092/3"
78,73,"Базально-клеточный рак фиброэпителиальный (С44.-)",8093,3,"8093/3"
79,73,"Базально-плоскоклеточный рак (С44.-)",8094,3,"8094/3"
80,73,"Метатипический рак (С44.-)",8095,3,"8095/3"
81,73,"Интраэпидермальная эпителиома Ядассона (С44._)",8096,0,"8096/0"
82,73,"Базальноклеточный рак, нодулярная (узловая) форма (С44._)",8097,3,"8097/3"
83,73,"Аденоидная базалиома (С53._)",8098,3,"8098/3"
84,73,"Трихоэпителиома (D23.-)",8100,0,"8100/0"
85,73,"Трихофолликулома (D23.-)",8101,0,"8101/0"
86,73,"Трихолеммома (D23.-)",8102,0,"8102/0"
87,73,"Трихолеммокарцинома (С44._)",8102,3,"8102/3"
88,73,"Опухоль наружного корневого влагалища волосяного фолликула",8102,0,"8103/0"
89,73,"Опухоль волосяного матрикса БДУ (D23.-)",8110,0,"8110/0"
90,73,"Рак волосяных фолликулов (С44.-)",8110,3,"8110/3"
91,,"812—813 Переходно-клеточные папилломы и рак",,,
92,91,"Переходно-клеточная папиллома, доброкачественная",8120,0,"8120/0"
93,91,"Уротелиальная  папиллома, БДУ",8120,1,"8120/1"
94,91,"Переходно-клеточный рак in situ",8120,2,"8120/2"
95,91,"Переходно-клеточный рак БДУ",8120,3,"8120/3"
96,91,"Папиллома Шнейдера, БДУ  (С30.0, С31._)",8121,0,"8121/0"
97,91,"Переходно-клеточная папиллома инвертированная",8121,1,"8121/1"
98,91,"Рак Шнейдера (С30.0, С 31._)",8121,3,"8121/3"
99,91,"Переходно-клеточный рак веретеноклеточный",8122,3,"8122/3"
100,91,"Базалоидный рак (С21.1)",8123,3,"8123/3"
101,91,"Клоакогенный рак (С21.2)",8124,3,"8124/3"
102,91,"Папиллярное переходно-клеточное новообразование с низким потенциалом злокачественности (С67._)",8130,1,"8130/1"
103,91,"Папиллярный переходно-клеточный рак, неинвазивный (С67._)",8130,2,"8130/2"
104,91,"Папиллярный переходно-клеточный рак",8130,3,"8130/3"
105,91,"Переходно-клеточный рак, микропапиллярный (С67._)",8131,3,"8131/3"
106,,"814-838 Аденомы  и аденокарциномы",,,
107,106,"Аденома БДУ",8140,0,"8140/0"
108,106,"Аденома бронхиальных желез БДУ (D38.1)",8140,1,"8140/1"
109,106,"Аденокарцинома in situ БДУ",8140,2,"8140/2"
110,106,"Аденокарцинома БДУ",8140,3,"8140/3"
111,106,"Аденокарцинома метастатическая БДУ",8140,6,"8140/6"
112,106,"Скиррозная аденокарцином",8141,3,"8141/3"
113,106,"Пластический линит [Linitis plastica] (С16.-)",8142,3,"8142/3"
114,106,"Поверхностно распространяющаяся аденокарцином",8143,3,"8143/3"
115,106,"Аденокарцинома, кишечный тип (С16.-)",8144,3,"8144/3"
116,106,"Рак, диффузный тип (С16.-)",8145,3,"8145/3"
117,106,"Мономорфная аденом",8146,0,"8146/0"
118,106,"Базально-клеточная аденома (D11.-)",8147,0,"8147/0"
119,106,"Базально-клеточная аденокарцинома (С07.-, С08.-)",8147,3,"8147/3"
120,106,"Интраэпителиальная неоплазия железистого эпителия низкой степени злокачественности",8148,0,"8148/0"
121,106,"Интраэпителиальная неоплазия железистого эпителия высокой степени злокачественности",8148,2,"8148/2"
122,106,"Канальцевая аденома",8149,0,"8149/0"
123,106,"Эндокринная опухоль поджелудочной железы, доброкачественная (С25._)",8150,0,"8150/0"
124,106,"Эндокринная опухоль поджелудочной железы, БДУ (С25._)",8150,1,"8150/1"
125,106,"Островковоклеточный рак (С25.4)",8150,3,"8150/3"
126,106,"Инсулинома БДУ (D13.7)",8151,0,"8151/0"
127,106,"Инсулинома злокачественная (С25.4)",8151,3,"8151/3"
128,106,"Глюкагонома, БДУ (С25._)",8152,1,"8152/1"
129,106,"Глюкагонома злокачественная (С25.4)",8152,3,"8152/3"
130,106,"Гастринома БДУ",8153,1,"8153/1"
131,106,"Гастринома злокачественная",8153,3,"8153/3"
132,106,"Смешанная островковоклеточная и экзокринная аденокарцинома (С25.-)",8154,3,"8154/3"
133,106,"ВИПома, БДУ",8155,1,"8155/1"
134,106,"ВИПома, злокачественная",8155,3,"8155/3"
135,106,"Соматостатинома, БДУ",8156,1,"8156/1"
136,106,"Соматостатинома, злокачественная",8156,3,"8156/3"
137,106,"Эндокринная опухоль, функционирующая, БДУ",8158,1,"8158/1"
138,106,"Аденома желчного протока (D13.4)",8160,0,"8160/0"
139,106,"Холангиокарцинома (С22.1)",8160,3,"8160/3"
140,106,"Цистаденома желчных протоков",8161,0,"8161/0"
141,106,"Цистаденокарцинома желчных протоков",8161,3,"8161/3"
142,106,"Опухоль Клацкина (С22.1)",8162,3,"8162/3"
143,106,"Панкреатобилиарное новообразование, неинвазивное",8163,0,"8163/0"
144,106,"Папиллярное панкреатобилиарное новообразование с интраэпителиальной неоплазией высокой степени злокачественности (С24.1)",8163,2,"8163/2"
145,106,"Панкреатобилиарный рак (С24.1)",8163,3,"8163/3"
146,106,"Печеночно-клеточная аденома (D13.4)",8170,0,"8170/0"
147,106,"Гепатоцеллюлярный рак БДУ (С22.0)",8170,3,"8170/3"
148,106,"Гепатоцеллюлярный рак фиброламеллярный (С22.0)",8171,3,"8171/3"
149,106,"Гепатоцеллюлярный рак, скиррозный (С22.0)",8172,3,"8172/3"
150,106,"Гепатоцеллюлярный рак, веретеноклеточный вариант (С22.0)",8173,3,"8173/3"
151,106,"Гепатоцеллюлярный рак, светлоклеточный вариант (С22.0)",8174,3,"8174/3"
152,106,"Гепатоцеллюлярный рак, плеоморфный вариант (С22.0)",8175,3,"8175/3"
153,106,"Смешанный холангио- и гепатоцеллюлярный рак (С22.0)",8180,3,"8180/3"
154,106,"Трабекулярная аденом",8190,0,"8190/0"
155,106,"Трабекулярная аденокарцином",8190,3,"8190/3"
156,106,"Эмбриональная аденом",8191,0,"8191/0"
157,106,"Эккринная дермальная цилиндрома (D23.-)",8200,0,"8200/0"
158,106,"Аденокистозный рак",8200,3,"8200/3"
159,106,"Криброзный рак in situ (С50._)",8201,2,"8201/2"
160,106,"Крибриформный рак",8201,3,"8201/3"
161,106,"Микрокистозная аденома (D13.7)",8202,0,"8202/0"
162,106,"Лактирующая аденома (С50._)",8204,0,"8204/0"
163,106,"Аденоматозный полип БДУ",8210,0,"8210/0"
164,106,"Аденокарцинома in situ в аденоматозном полипе",8210,2,"8210/2"
165,106,"Аденокарцинома в аденоматозном полипе",8210,3,"8210/3"
166,106,"Тубулярная аденома БДУ",8211,0,"8211/0"
167,106,"Тубулярная аденокарцином",8211,3,"8211/3"
168,106,"Плоская аденома",8212,0,"8212/0"
169,106,"Зубчатая аденома (С18._)",8213,0,"8213/0"
170,106,"Зубчатая аденокарцинома",8213,3,"8213/3"
171,106,"Париетально-клеточный рак (С16._)",8214,3,"8214/3"
172,106,"Аденокарцинома анальных желез (С21.1)",8215,3,"8215/3"
173,106,"Аденоматозный полипоз толстой кишки (D12.-)",8220,0,"8220/0"
174,106,"Аденокарцинома в аденоматозных полипах толстой кишки(С18.-)",8220,3,"8220/3"
175,106,"Аденоматозный полипоз",8221,0,"8221/0"
176,106,"Аденокарцинома в аденоматозных полипах",8221,3,"8221/3"
177,106,"Протоковая карцинома in situ, солидная (С50._)",8230,2,"8230/2"
178,106,"Солидный рак БДУ",8230,3,"8230/3"
179,106,"Carcinoma simplex",8231,3,"8231/3"
180,106,"Карциноид червеобразного отростка БДУ (D37.3)",8240,1,"8240/1"
181,106,"Карциноид БДУ (исключая червеобразный отросток М8240/1)",8240,3,"8240/3"
182,106,"Карциноид аргентафинный злокачественный",8241,3,"8241/3"
183,106,"Карциноид из энтерохромаффиноподобных клеток, БДУ",8242,1,"8242/1"
184,106,"Опухоль из энтерохромаффиноподобных клеток, злокачественная",8242,3,"8242/3"
185,106,"Карциноид из бокаловидных клеток (С18.1)",8243,3,"8243/3"
186,106,"Сложный карциноид",8244,3,"8244/3"
187,106,"Тубулярный карциноид",8245,1,"8245/1"
188,106,"Аденокарциноидная опухоль",8245,3,"8245/3"
189,106,"Нейроэндокринный рак",8246,3,"8246/3"
190,106,"Рак из клеток Меркеля (С44.-)",8247,3,"8247/3"
191,106,"Апудом",8248,1,"8248/1"
192,106,"Атипичная карциноидная опухоль",8249,3,"8249/3"
193,106,"Аденоматоз легких (D38.1)",8250,1,"8250/1"
194,106,"Бронхиоло-альвеолярная аденокарцинома (С34.-)",8250,3,"8250/3"
195,106,"Альвеолярная аденома (D14.3)",8251,0,"8251/0"
196,106,"Альвеолярная аденокарцинома (С34.-)",8251,3,"8251/3"
197,106,"Бронхиоло-альвеолярный рак, немуцинозный (С34._)",8252,3,"8252/3"
198,106,"Бронхиоло-альвеолярный рак, муцинозный (С34._)",8253,3,"8253/3"
199,106,"Бронхиоло-альвеолярный рак, смешанный муцинозный и немуцинозный (С34._)",8254,3,"8254/3"
200,106,"Аденокарцинома со смешанными  подтипами",8255,3,"8255/3"
201,106,"Папиллярная аденома БДУ",8260,0,"8260/0"
202,106,"Папиллярная аденокарцинома БДУ",8260,3,"8260/3"
203,106,"Ворсинчатая аденома, БДУ",8261,0,"8261/0"
204,106,"Аденокарцинома in situ в ворсинчатой аденоме",8261,2,"8261/2"
205,106,"Аденокарцинома в ворсинчатой аденоме",8261,3,"8261/3"
206,106,"Ворсинчатая аденокарцином",8262,3,"8262/3"
207,106,"Тубулярно-ворсинчатая аденома БДУ",8263,0,"8263/0"
208,106,"Аденокарцинома in situ в тубулярно-ворсинчатой аденоме",8263,2,"8263/2"
209,106,"Аденокарцинома в тубулярно-ворсинчатой аденоме",8263,3,"8263/3"
210,106,"Папилломатоз, железистый",8264,0,"8264/0"
211,106,"Микропапиллярный рак, БДУ (С18._, С19.9, С20.9)",8265,3,"8265/3"
212,106,"Хромофобная аденома (D35.2)",8270,0,"8270/0"
213,106,"Рак из хромофобных клеток (С75.1)",8270,3,"8270/3"
214,106,"Пролактинома (D35.2)",8271,0,"8271/0"
215,106,"Аденома гипофиза, БДУ (С75.1)",8272,0,"8272/0"
216,106,"Рак гипофиза, БДУ (С75.1)",8272,3,"8272/3"
217,106,"Ацидофильная аденома (D35.2)",8280,0,"8280/0"
218,106,"Рак из ацидофильных клеток (С75.1)",8280,3,"8280/3"
219,106,"Смешанная ацидофильно-базофильная аденома (D35.2)",8281,0,"8281/0"
220,106,"Смешанный ацидофильно-базофильный рак (С75.1)",8281,3,"8281/3"
221,106,"Оксифильная аденом",8290,0,"8290/0"
222,106,"Аденокарцинома из оксифильных клеток",8290,3,"8290/3"
223,106,"Базофильная аденома (D35.2)",8300,0,"8300/0"
224,106,"Рак из базофильных клеток (С75.1)",8300,3,"8300/3"
225,106,"Светлоклеточная аденом",8310,0,"8310/0"
226,106,"Светлоклеточная аденокарцинома БДУ",8310,3,"8310/3"
227,106,"Гипернефроидная опухоль",8311,1,"8311/1"
228,106,"Почечно-клеточный рак (С64)",8312,3,"8312/3"
229,106,"Светлоклеточная аденофиброма (С56.9)",8313,0,"8313/0"
230,106,"Светлоклеточная аденофиброма пограничной злокачественности (С56.9)",8313,1,"8313/1"
231,106,"Светлоклеточная аденокарцинофиброма (С56.9)",8313,3,"8313/3"
232,106,"Липидсекретирующий рак (C50)",8314,3,"8314/3"
233,106,"Гликогенсекретирующий рак (С50)",8315,3,"8315/3"
234,106,"Почечно-клеточный рак, ассоциированный с кистой (С64.9)",8316,3,"8316/3"
235,106,"Почечно-клеточный рак, хромофобный (С64.9)",8317,3,"8317/3"
236,106,"Почечно-клеточный рак, саркомаоподобный (С64.9)",8318,3,"8318/3"
237,106,"Рак собирательных трубочек почки (С64.9)",8319,3,"8319/3"
238,106,"Зернистоклеточный рак",8320,3,"8320/3"
239,106,"Аденома из главных клеток (D35.1)",8321,0,"8321/0"
240,106,"Водянистосветлоклеточная аденома (D35.1)",8322,0,"8322/0"
241,106,"Водянистосветлоклеточная аденокарцинома (С75.0)",8322,3,"8322/3"
242,106,"Смешанноклеточная аденом",8323,0,"8323/0"
243,106,"Смешанноклеточная аденокарцином",8323,3,"8323/3"
244,106,"Липоаденом",8324,0,"8324/0"
245,106,"Метанефральная аденома (С64.9)",8325,0,"8325/0"
246,106,"Фолликулярная аденома (D34)",8330,0,"8330/0"
247,106,"Атипичная фолликулярная аденома (С73.9)",8330,1,"8330/1"
248,106,"Фолликулярная аденокарцинома БДУ (С73)",8330,3,"8330/3"
249,106,"Фолликулярная аденокарцинома высокодифференцированная(С73)",8331,3,"8331/3"
250,106,"Фолликулярная аденокарцинома трабекулярная (С73)",8332,3,"8332/3"
251,106,"Микрофолликулярная аденома (D34)",8333,0,"8333/0"
252,106,"Эмбриональная аденокарцинома",8333,3,"8333/3"
253,106,"Макрофолликулярная аденома (D34)",8334,0,"8334/0"
254,106,"Фолликулярный рак, минимально инвазивный (С73.9)",8335,3,"8335/3"
255,106,"Гиалинизирующая трабекулярная аденома (С73.9)",8336,0,"8336/0"
256,106,"Островковый рак (С73.9)",8337,3,"8337/3"
257,106,"Паниллярный рак, фолликулярный вариант (С73)",8340,3,"8340/3"
258,106,"Папиллярная микрокарцинома (С73.9)",8341,3,"8341/3"
259,106,"Папиллярный рак, из оксифильных клеток (С73.9)",8342,3,"8342/3"
260,106,"Папиллярный рак, инкапсулированный (С73.9)",8343,3,"8343/3"
261,106,"Папиллярный рак, цилиндроклеточный (С73.9)",8344,3,"8344/3"
262,106,"Медуллярный рак с амилоидозом стромы (С73.9)",8345,3,"8345/3"
263,106,"Смешанный медуллярно-фолликулярный рак (С73.9)",8346,3,"8346/3"
264,106,"Смешанный медуллярно-папиллярный рак (С73.9)",8347,3,"8347/3"
265,106,"Неинкапсулированный склерозирующий рак (С73)",8350,3,"8350/3"
266,106,"Аденома тоз полиэндокринный",8360,1,"8360/1"
267,106,"Юкстагломерулярная опухоль (С64.9)",8361,0,"8361/0"
268,106,"Аденома коры надпочечника БДУ (D35.0)",8370,0,"8370/0"
269,106,"Рак коры надпочечника (С74.0)",8370,3,"8370/3"
270,106,"Аденома коры надпочечника компактно-клеточная (D35.0)",8371,0,"8371/0"
271,106,"Аденома коры надпочечника, сильно пигментированный вариант (D35.0)",8372,0,"8372/0"
272,106,"Аденома коры надпочечника светлоклеточная (D35.0)",8373,0,"8373/0"
273,106,"Аденома коры надпочечника гломерулезно-клеточная (D35.0)",8374,0,"8374/0"
274,106,"Аденома коры надпочечника смешанноклеточная (D35.0)",8375,0,"8375/0"
275,106,"Эндометриоидная аденома БДУ (D27)",8380,0,"8380/0"
276,106,"Эндометриоидная аденома, пограничная злокачественность(D39.1)",8380,1,"8380/1"
277,106,"Эндометриоидный рак (С56)",8380,3,"8380/3"
278,106,"Эндометриоидная аденофиброма БДУ (D27)",8381,0,"8381/0"
279,106,"Эндометриоидная аденофиброма, пограничная злокачественность (D39.1)",8381,1,"8381/1"
280,106,"Эндометриоидная аденофиброма злокачественная (С56)",8381,3,"8381/3"
281,106,"Эндометриоидная аденокарцинома, секретирующий вариант",8382,3,"8382/3"
282,106,"Эндометриоидная аденокарцинома, из реснитчатых клеток",8383,3,"8383/3"
283,106,"Аденокарцинома, эндоцервикальная",8384,3,"8384/3"
284,,"839-842 Новообразования  придатков, в т.ч. придатков кожи",,,
285,284,"Аденома придатков кожи (D23.-)",8390,0,"8390/0"
286,284,"Рак придатков кожи (С44.-)",8390,3,"8390/3"
287,284,"Фолликулярная фиброма (С44._)",8391,0,"8391/0"
288,284,"Сирингофиброаденома (С44._)",8392,0,"8392/0"
289,284,"Аденома потовой железы (D23.-)",8400,0,"8400/0"
290,284,"Опухоль потовой железы БДУ (D48.5)",8400,1,"8400/1"
291,284,"Аденокарцинома потовой железы (С44.-)",8400,3,"8400/3"
292,284,"Апокринная аденом",8401,0,"8401/0"
293,284,"Апокринная аденокарцином",8401,3,"8401/3"
294,284,"Эккринная акроспирома (D23.-)",8402,0,"8402/0"
295,284,"Нодулярная (узловая) гидраденома, злокачественная (С44._)",8402,3,"8402/3"
296,284,"Эккринная спираденома (D23.-)",8403,0,"8403/0"
297,284,"Злокачественная эккринная спираденома (С44._)",8403,3,"8403/3"
298,284,"Гидрокистома (D23.-)",8404,0,"8404/0"
299,284,"Папиллярная гидраденома (D23.-)",8405,0,"8405/0"
300,284,"Папиллярная сирингоаденома (D23.-)",8406,0,"8406/0"
301,284,"Сирингома БДУ (D23.-)",8407,0,"8407/0"
302,284,"Склерозирующий рак протоков потовых желез (С44._)",8407,3,"8407/3"
303,284,"Эккринная папиллярная аденома (D23.-)",8408,0,"8408/0"
304,284,"Агрессивная папиллярная аденома пальцев (С44._)",8408,1,"8408/1"
305,284,"Эккринная папиллярная аденокарцинома (С44._)",8408,3,"8408/3"
306,284,"Эккринная порома (С44._)",8409,0,"8409/0"
307,284,"Эккринная порома, злокачественная (С44._)",8409,3,"8409/3"
308,284,"Аденома сальных желез (D23.-)",8410,0,"8410/0"
309,284,"Аденокарцинома сальных желез (С44.-)",8410,3,"8410/3"
310,284,"Эккринная аденокарцинома (С44._)",8413,3,"8413/3"
311,284,"Аденома серных желез (D23.2)",8420,0,"8420/0"
312,284,"Аденокарцинома серных желез (С44.2)",8420,3,"8420/3"
313,,"843 Мукоэпидермоидные новообразования",,,
314,313,"Мукоэпидермоидная опухоль",8430,1,"8430/1"
315,313,"Мукоэпидермоидный рак",8430,3,"8430/3"
316,,"844-849 Кистозные, муцинозные и серозные новообразования",,,
317,316,"Цистаденома БДУ",8440,0,"8440/0"
318,316,"Цистаденокарцинома БДУ",8440,3,"8440/3"
319,316,"Серозная цистаденома БДУ (D27)",8441,0,"8441/0"
320,316,"Серозная цистаденокарцинома БДУ (С56)",8441,3,"8441/3"
321,316,"Серозная цистаденома, пограничной злокачественности (С56.9)",8442,1,"8442/1"
322,316,"Светлоклеточная цистаденома (С56.9)",8443,0,"8443/0"
323,316,"Светлоклеточная кистозная опухоль пограничной злокачественности (С56.9)",8444,1,"8444/1"
324,316,"Папиллярная цистаденома БДУ (D27)",8450,0,"8450/0"
325,316,"Папиллярная цистаденокарцинома БДУ (С56)",8450,3,"8450/3"
326,316,"Папиллярная цистаденома, пограничной злокачественности (С56.9)",8451,1,"8451/1"
327,316,"Папиллярная кистозная опухоль (D37.7)",8452,1,"8452/1"
328,316,"Солидно-псевдопапиллярный рак (С25._)",8452,3,"8452/3"
329,316,"Внутрипротоковая папиллярно-муцинозная аденома (С25._)",8453,0,"8453/0"
330,316,"Внутрипротоковый папиллярно-муцинозный рак, неинвазивный (С25._)",8453,2,"8453/2"
331,316,"Внутрипротоковый папиллярно-муцинозный рак, инвазивный (С25._)",8453,3,"8453/3"
332,316,"Кистозная опухоль атриовентрикулярного узла (С38.0)",8454,0,"8454/0"
333,316,"Папиллярная серозная цистаденома БДУ (D27)",8460,0,"8460/0"
334,316,"Папиллярная серозная цистаденокарцинома (С56)",8460,3,"8460/3"
335,316,"Серозная поверхностная папиллома (D27)",8461,0,"8461/0"
336,316,"Серозный поверхностный папиллярный рак (С56)",8461,3,"8461/3"
337,316,"Серозная папиллярно-кистозная опухоль пограничной злокачественности (С56.9)",8462,1,"8462/1"
338,316,"Серозная поверхностная папиллярная опухоль пограничной злокачественности (С56.9)",8463,1,"8463/1"
339,316,"Муцинозная цистаденома БДУ (D27)",8470,0,"8470/0"
340,316,"Муцинозная цистаденокарцинома, неинвазивная (С25._)",8470,2,"8470/2"
341,316,"Муцинозная цистаденокарцинома БДУ (С56)",8470,3,"8470/3"
342,316,"Папиллярная муцинозная цистаденома БДУ (D27)",8471,0,"8471/0"
343,316,"Папиллярная муцинозная цистаденокарцинома (С56)",8471,3,"8471/3"
344,316,"Муцинозно-кистозная опухоль пограничной злокачественности (С56.9)",8472,1,"8472/1"
345,316,"Папиллярно-муцинозная цистаденома пограничной злокачественности (С56.9)",8473,1,"8473/1"
346,316,"Муцинозная аденом",8480,0,"8480/0"
347,316,"Муцинозное новообразование червеобразного отростка (аппендикса) низкой степени злокачественности (С18.1)",8480,1,"8480/1"
348,316,"Муцинозная аденокарцином",8480,3,"8480/3"
349,316,"Псевдомиксома брюшины (С78.6)",8480,6,"8480/6"
350,316,"Слизьиродуцирующая аденокарцином",8481,3,"8481/3"
351,316,"Муцинозная аденокарцинома, эндоцервикальная",8482,3,"8482/3"
352,316,"Перстневидно-клеточный рак",8490,3,"8490/3"
353,316,"Метастатический перстневидно-клеточный рак",8490,6,"8490/6"
354,,"850—854 Протоковые  и дольковые новообразования",,,
355,354,"Внутрипротоковый рак неинфильтрирующий БДУ",8500,2,"8500/2"
356,354,"Инфильтрирующий протоковый рак (С50.-)",8500,3,"8500/3"
357,354,"Комедокарцинома неинфильтрирующая (D05.-)",8501,2,"8501/2"
358,354,"Комедокарцинома БДУ (С50.-)",8501,3,"8501/3"
359,354,"Ювенильный рак молочной железы (С50.-)",8502,3,"8502/3"
360,354,"Внутрипротоковая папиллом",8503,0,"8503/0"
361,354,"Неинфильтрирующая внутрипротоковая папиллярная аденокарцинома (D05.-)",8503,2,"8503/2"
362,354,"Внутрипротоковая папиллярная аденокарцинома с инвазией(С50.-)",8503,3,"8503/3"
363,354,"Внутрикистозная папиллярная аденом",8504,0,"8504/0"
364,354,"Неинфильтрирующий внутрикистозный рак",8504,2,"8504/2"
365,354,"Внутрикистозный рак БДУ",8504,3,"8504/3"
366,354,"Впутрипротоковый папилломатоз БДУ",8505,0,"8505/0"
367,354,"Аденома соска (D24)",8506,0,"8506/0"
368,354,"Внутрипротоковый микропапиллярный рак (С50._",8507,2,"8507/2"
369,354,"Кистозный гиперсекреторный рак (С50._)",8508,3,"8508/3"
370,354,"Медуллярный рак БДУ",8510,3,"8510/3"
371,354,"Медуллярный рак с лимфоидной стромой (С50.-)",8512,3,"8512/3"
372,354,"Атипичный медуллярный рак (С50._)",8513,3,"8513/3"
373,354,"Протоковый рак, десмопластический тип",8514,3,"8514/3"
374,354,"Дольковый рак in situ (D05.0)",8520,2,"8520/2"
375,354,"Дольковый рак БДУ (С50.-)",8520,3,"8520/3"
376,354,"Инфильтрирующий рак мелких протоков (С50.-)",8521,3,"8521/3"
377,354,"Внутрипротоковый рак и дольковый рак in situ (D05.1)",8522,2,"8522/2"
378,354,"Инфильтрирующий протоковый и дольковый рак (С50.-)",8522,3,"8522/3"
379,354,"Инфильтрирующий протоковый рак в сочетании с другими формами рака (С50._)",8523,3,"8523/3"
380,354,"Инфильтрирующий дольковый рак в сочетании с другими формами рака (С50._)",8524,3,"8524/3"
381,354,"Полиморфная аденокарцинома низкой степени злокачественности",8525,3,"8525/3"
382,354,"Воспалительный рак (С50.-)",8530,3,"8530/3"
383,354,"Болезнь Педжета молочной железы (С50.-)",8540,3,"8540/3"
384,354,"Болезнь Педжета и инфильтрирующий протоковый рак молочной железы (С50.-)",8541,3,"8541/3"
385,354,"Болезнь Педжета экстрамаммарная, исключая болезнь Педжета (костей)",8542,3,"8542/3"
386,354,"Болезнь Педжета и внутрипротоковый рак молочной железы(С50.-)",8543,3,"8543/3"
387,,"855 Ацинарно-клеточные новообразования",,,
388,387,"Ацинарно-клеточная аденома",8550,0,"8550/0"
389,387,"Ацинарно-клеточная опухоль",8550,1,"8550/1"
390,387,"Ацинарно-клеточный рак",8550,3,"8550/3"
391,387,"Ацинарно-клеточная цистаденокарцинома",8551,3,"8551/3"
392,387,"Смешанный ацинарно-протоковый рак",8552,3,"8552/3"
393,,"856—857 Сложные эпителиальные новообразовани",,,
394,393,"Смешанная плоскоклеточно-железистая папиллома",8560,0,"8560/0"
395,393,"Железисто-плоскоклеточный  рак",8560,3,"8560/3"
396,393,"Аденолимфома (С07._, С08._)",8561,0,"8561/0"
397,393,"Эпителиально-миоэпителиальный рак",8562,3,"8562/3"
398,393,"Аденокарцинома с плоскоклеточной метаплазией",8570,3,"8570/3"
399,393,"Аденокарцинома с хрящевой и костной метаплазией",8571,3,"8571/3"
400,393,"Аденокарцинома с веретеноклеточной метаплазией",8572,3,"8572/3"
401,393,"Аденокарцинома с апокринной метаплазией",8573,3,"8573/3"
402,393,"Аденокарцинома с нейроэндокринной дифференцировкой",8574,3,"8574/3"
403,393,"Метапластический рак, БДУ",8575,3,"8575/3"
404,393,"Гепатоидная аденокарцинома",8576,3,"8576/3"
405,,"858 Эпителиальные  новообразования  вилочковой железы (тимуса)",,,
406,405,"Тимома доброкачественная (D15.0)",8580,0,"8580/0"
407,405,"Тимома, БДУ (С37.9)",8580,0,"8580/1"
408,405,"Тимома злокачественная (С37)",8580,3,"8580/3"
409,405,"Тимома, тип A, БДУ (С37.9)",8581,1,"8581/1"
410,405,"Тимома, тип A, злокачественная (С37.9)",8581,3,"8581/3"
411,405,"Тимома, тип AB, БДУ (С37.9)",8582,1,"8582/1"
412,405,"Тимома, тип AB, злокачественная (С37.9)",8582,3,"8582/3"
413,405,"Тимома, тип B1, БДУ (С37.9)",8583,1,"8583/1"
414,405,"Тимома, тип B1, злокачественная (С37.9)",8583,3,"8583/3"
415,405,"Тимома, тип B2, БДУ (С37.9)",8584,1,"8584/1"
416,405,"Тимома, тип B2, злокачественная (С37.9)",8584,3,"8584/3"
417,405,"Тимома, тип B3, БДУ (С37.9)",8585,1,"8585/1"
418,405,"Тимома, тип B3, злокачественная (С37.9)",8585,3,"8585/3"
419,405,"Рак вилочковой железы (тимуса), БДУ (С37.9)",8586,3,"8586/3"
420,405,"Эктопическая гамартоматозная тимома",8587,0,"8587/0"
421,405,"Веретеноклеточная эпителиальная опухоль с тимус-подобной дифференцировкой",8588,3,"8588/3"
422,405,"Рак с тимус-подобной дифференцировкой",8589,3,"8589/3"
423,,"859—867 Специфические  новообразования половых желез",,,
424,423,"Опухоль стромы полового тяжа, БДУ",8590,1,"8590/1"
425,423,"Стромальная опухоль полового тяжа, не полностью дифференцированная",8591,1,"8591/1"
426,423,"Стромальная опухоль полового тяжа, смешанные формы",8592,1,"8592/1"
427,423,"Стромальная опухоль с минимальными элементами полового тяжа (С56.9)",8593,1,"8593/1"
428,423,"Текома БДУ (D27)",8600,0,"8600/0"
429,423,"Текома злокачественная (С56)",8600,3,"8600/3"
430,423,"Текома лютеиновая (D27)",8601,0,"8601/0"
431,423,"Склерозирующая опухоль стромы (D27)",8602,0,"8602/0"
432,423,"Лютеома БДУ (D27)",8610,0,"8610/0"
433,423,"Гранулезоклеточная опухоль БДУ (D39.1)",8620,1,"8620/1"
434,423,"Гранулезоклеточная опухоль злокачественная (С56)",8620,3,"8620/3"
435,423,"Гранулезотекаклеточная опухоль (D39.1)",8621,1,"8621/1"
436,423,"Ювенильная гранулезоклеточная опухоль (D39.1)",8622,1,"8622/1"
437,423,"Опухоль полового тяжа с кольцевидными трубочками (D39.1)",8623,1,"8623/1"
438,423,"Андробластома доброкачественная",8630,0,"8630/0"
439,423,"Андробластома БДУ",8630,1,"8630/1"
440,423,"Андробластома злокачественная",8630,3,"8630/3"
441,423,"Опухоль из клеток Сертоли-Лейдиг",8631,0,"8631/0"
442,423,"Опухоль из клеток Сертоли-Лейдига промежуточной дифференцировки",8631,1,"8631/1"
443,423,"Опухоль из клеток Сертоли-Лейдига, низкодифференцированная",8631,3,"8631/3"
444,423,"Гинандробластома (D39.1)",8632,1,"8632/1"
445,423,"Опухоль из клеток Сертоли-Лейдига, сетевидная",8633,1,"8633/1"
446,423,"Опухоль из клеток Сертоли-Лейдига промежуточной дифференцировки, с гетерологичными элементами",8634,1,"8634/1"
447,423,"Опухоль из клеток Сертоли-Лейдига низкодифференцированная, с гетерологичными элементами",8634,3,"8634/3"
448,423,"Сертоли-клеточная опухоль, БДУ",8640,1,"8640/1"
449,423,"Рак из клеток Сертоли (С62.-)",8640,3,"8640/3"
450,423,"Опухоль из клеток Сертоли с накоплением липидов (D27)",8641,0,"8641/0"
451,423,"Крупноклеточная обызвествленная Сертоли-клеточная опухоль",8642,1,"8642/1"
452,423,"Опухоль из клеток Лейдига доброкачественная (D29.2)",8650,0,"8650/0"
453,423,"Опухоль из клеток Лейдига БДУ (D40.1)",8650,1,"8650/1"
454,423,"Опухоль из клеток Лейдига злокачественная (С62)",8650,3,"8650/3"
455,423,"Хилусно-клеточная опухоль (D27)",8660,0,"8660/0"
456,423,"Липидно-клеточная опухоль яичника (D27)",8670,0,"8670/0"
457,423,"Стероидно-клеточная опухоль, злокачественная",8670,3,"8670/3"
458,423,"Опухоль из остатков надпочечниковой ткани",8671,0,"8671/0"
459,,"868—871 Параганглиомы и гломусные опухоли",,,
460,459,"Параганглиома, доброкачественная",8680,0,"8680/0"
461,459,"Параганглиома БДУ",8680,1,"8680/1"
462,459,"Параганглиома злокачественная",8680,3,"8680/3"
463,459,"Симпатическая  параганглиома",8681,1,"8681/1"
464,459,"Парасимпатическая  параганглиома",8682,1,"8682/1"
465,459,"Ганглиоцитарная параганглиома (D13.2)",8683,0,"8683/0"
466,459,"Опухоль яремного гломуса (D44.7)",8690,1,"8690/1"
467,459,"Опухоль аортального гломуса (D44.7)",8691,1,"8691/1"
468,459,"Опухоль каротидного гломуса (D44.6)",8692,1,"8692/1"
469,459,"Экстраадреналовая параганглиома БДУ",8693,1,"8693/1"
470,459,"Экстраадреналовая параганглиома злокачественная",8693,3,"8693/3"
471,459,"Феохромоцитома БДУ (D35.0)",8700,0,"8700/0"
472,459,"Феохромоцитома злокачественная (С74.1)",8700,3,"8700/3"
473,459,"Гломангиосаркома",8710,3,"8710/3"
474,459,"Гломусная опухоль, БДУ",8711,0,"8711/0"
475,459,"Гломусная опухоль, злокачественная",8711,3,"8711/3"
476,459,"Гломангиома",8712,0,"8712/0"
477,459,"Гломангиомиома",8713,0,"8713/0"
478,,"872—879 Невусы и меланомы",,,
479,478,"Пигментный невус БДУ (D22.-)",8720,0,"8720/0"
480,478,"Меланома in situ (D03.-)",8720,2,"8720/2"
481,478,"Злокачественная меланома БДУ",8720,3,"8720/3"
482,478,"Узловая меланома (С43.-)",8721,3,"8721/3"
483,478,"Баллоноклеточный невус (D22.-)",8722,0,"8722/0"
484,478,"Баллоноклеточная меланома (С43.-)",8722,3,"8722/3"
485,478,"Галоневус (D22.-)",8723,0,"8723/0"
486,478,"Злокачественная меланома регрессирующая (С43.-)",8723,3,"8723/3"
487,478,"Нейроневус (D22.-)",8725,0,"8725/0"
488,478,"Гигантоклеточный невус (D31.4)",8726,0,"8726/0"
489,478,"Диспластический невус (D22.-)",8727,0,"8727/0"
490,478,"Диффузный меланоцитоз (С70.9)",8728,0,"8728/0"
491,478,"Менингеальная меланоцитома (С70.9)",8728,1,"8728/1"
492,478,"Менингеальный меланоматоз (С70.9)",8728,3,"8728/3"
493,478,"Беспигментный невус (D22.-)",8730,0,"8730/0"
494,478,"Амеланотическая меланома (С43.-)",8730,3,"8730/3"
495,478,"Пограничный невус БДУ (D22.-)",8740,0,"8740/0"
496,478,"Злокачественная меланома в пограничном невусе (С43.-)",8740,3,"8740/3"
497,478,"Предраковый меланоз БДУ (D03.-)",8741,2,"8741/2"
498,478,"Злокачественная меланома при предраковом меланозе (С43.-)",8741,3,"8741/3"
499,478,"Меланотическая веснушка Гетчинсона БДУ (D03.-)",8742,2,"8742/2"
500,478,"Злокачественная меланома в меланотической веснушке Гетчинсона (С43.-)",8742,3,"8742/3"
501,478,"Поверхностно распространяющаяся меланома (С43.-)",8743,3,"8743/3"
502,478,"Акральная лентигинозная меланома злокачественная (С43.-)",8744,3,"8744/3"
503,478,"Десмопластическая меланома злокачественная (С43.-)",8745,3,"8745/3"
504,478,"Лентигинозная меланома слизистых оболочек",8746,3,"8746/3"
505,478,"Внутридермальный невус (D22.-)",8750,0,"8750/0"
506,478,"Сложный невус (D22.-)",8760,0,"8760/0"
507,478,"Малый врожденный невус (С44._)",8761,0,"8761/0"
508,478,"Гигантский пигментный невус БДУ (D22.-)",8761,1,"8761/1"
509,478,"Злокачественная меланома в гигантском пигментном невусе(С43.-)",8761,3,"8761/3"
510,478,"Пролиферативное поражение кожи при врожденном невусе (С44._)",8762,1,"8762/1"
511,478,"Эпителиоидный и веретеноклеточный невус (D22.-)",8770,0,"8770/0"
512,478,"Смешанная эпителиоидно-веретеноклеточная меланома",8770,3,"8770/3"
513,478,"Эпителиоидно-клеточный невус (D22.-)",8771,0,"8771/0"
514,478,"Эпителиоидно-клеточная меланома",8771,3,"8771/3"
515,478,"Веретеноклеточный невус (D22.-)",8772,0,"8772/0"
516,478,"Веретеноклеточная меланома БДУ",8772,3,"8772/3"
517,478,"Веретеноклеточная меланома, тип А (С69.-)",8773,3,"8773/3"
518,478,"Веретеноклеточная меланома, тип В (С69.-)",8774,3,"8774/3"
519,478,"Голубой невус БДУ (D22.-)",8780,0,"8780/0"
520,478,"Голубой невус злокачественный (С43.-)",8780,3,"8780/3"
521,478,"Клеточный голубой невус (D22.-)",8790,0,"8790/0"
522,,"880 Опухоли  и саркомы мягких тканей, БДУ",,,
523,522,"Опухоль мягких тканей доброкачественная",8800,0,"8800/0"
524,522,"Саркома БДУ",8800,3,"8800/3"
525,522,"Саркоматоз, БДУ",8800,9,"8800/9"
526,522,"Веретеноклеточная саркома",8801,3,"8801/3"
527,522,"Гигантоклеточная саркома (исключая кости М9250/3)",8802,3,"8802/3"
528,522,"Мелкоклеточная саркома",8803,3,"8803/3"
529,522,"Эпителиоидная саркома",8804,3,"8804/3"
530,522,"Недифференцированная саркома",8805,3,"8805/3"
531,522,"Десмопластическая мелко-кругло-клеточная опухоль",8806,3,"8806/3"
532,,"881-883 Фиброзные  новообразования",,,
533,532,"Фиброма БДУ",8810,0,"8810/0"
534,532,"Клеточная фиброма (С56.9)",8810,1,"8810/1"
535,532,"Фибросаркома БДУ",8810,3,"8810/3"
536,532,"Фибромиксома",8811,0,"8811/0"
537,532,"Фибромиксосаркома",8811,3,"8811/3"
538,532,"Периостальная фиброма (D16.-)",8812,0,"8812/0"
539,532,"Периостальная фибросаркома (С40.-, С41.-)",8812,3,"8812/3"
540,532,"Фасциальная фиброма",8813,0,"8813/0"
541,532,"Фасциальная фибросаркома",8813,3,"8813/3"
542,532,"Инфантильная фибросаркома",8814,3,"8814/3"
543,532,"Солитарная фиброзная опухоль",8815,0,"8815/0"
544,532,"Солитарная фиброзная опухоль, злокачественная",8815,3,"8815/3"
545,532,"Эластофибром",8820,0,"8820/0"
546,532,"Агрессивный фиброматоз",8821,1,"8821/1"
547,532,"Абдоминальный фиброматоз",8822,1,"8822/1"
548,532,"Десмопластическая фиброма",8823,0,"8823/0"
549,532,"Миофиброма",8824,0,"8824/0"
550,532,"Миофиброматоз",8824,1,"8824/1"
551,532,"Миофибробластома",8825,0,"8825/0"
552,532,"Миофибробластическая опухоль, БДУ",8825,1,"8825/1"
553,532,"Ангиомиофибробластома",8826,0,"8826/0"
554,532,"Миофибробластическая опухоль, перибронхиальная (С34._)",8827,1,"8827/1"
555,532,"Фиброзная гистиоцитома БДУ",8830,0,"8830/0"
556,532,"Атипичная фиброзная гистиоцитома",8830,1,"8830/1"
557,532,"Фиброзная гистиоцитома злокачественная",8830,3,"8830/3"
558,532,"Гистиоцитома, БДУ",8831,0,"8831/0"
559,532,"Дерматофиброма БДУ (D23.-)",8832,0,"8832/0"
560,532,"Дерматофибросаркома БДУ (С44.-)",8832,3,"8832/3"
561,532,"Пигментная дерматофибросаркома выбухающая",8833,3,"8833/3"
562,532,"Гигантоклеточная фибробластома",8834,1,"8834/1"
563,532,"Плексиформная фиброгистиоцитарная опухоль",8835,1,"8835/1"
564,532,"Ангиоматозная фиброзная гистиоцитома",8836,1,"8836/1"
565,,"884 Миксоматозные  новообразования",,,
566,565,"Миксома БДУ",8840,0,"8840/0"
567,565,"Миксосаркома",8840,3,"8840/3"
568,565,"Ангиомиксома",8841,1,"8841/1"
569,565,"Оссифицирующая фибромиксоидная опухоль",8842,1,"8842/0"
570,,"885—888 Липоматозные  новообразования",,,
571,570,"Липома БДУ (D17.-)",8850,0,"8850/0"
572,570,"Атипичная липома",8850,1,"8850/1"
573,570,"Липосаркома БДУ",8850,3,"8850/3"
574,570,"Фибролипома (D17.-)",8851,0,"8851/0"
575,570,"Липосаркома высокодифференцированная",8851,3,"8851/3"
576,570,"Фибромиксолипома (D17.-)",8852,0,"8852/0"
577,570,"Миксоидная липосаркома",8852,3,"8852/3"
578,570,"Круглоклеточная липосаркома",8853,3,"8853/3"
579,570,"Плеоморфная липома (D17.-)",8854,0,"8854/0"
580,570,"Плеоморфная липосаркома",8854,3,"8854/3"
581,570,"Смешанная липосаркома",8855,3,"8855/3"
582,570,"Межмышечная липома (D17.-)",8856,0,"8856/0"
583,570,"Веретеноклеточная липома (D17.-)",8857,0,"8857/0"
584,570,"Фибробластическая липосаркома",8857,3,"8857/3"
585,570,"Липосаркома малодифференцированная",8858,3,"8858/3"
586,570,"Ангиомиолипома (D17.-)",8860,0,"8860/0"
587,570,"Ангиолипома БДУ (D17.-)",8861,0,"8861/0"
588,570,"Хондроидная липома",8862,0,"8862/0"
589,570,"Миелолипома (D17.-)",8870,0,"8870/0"
590,570,"Гибернома (D17.-)",8880,0,"8880/0"
591,570,"Липобластоматоз (D17.-)",8881,0,"8881/0"
592,,"889—892 Миоматозные  новообразования",,,
593,592,"Лейомиома БДУ",8890,0,"8890/0"
594,592,"Лейомиоматоз, БДУ",8890,1,"8890/1"
595,592,"Лейомиосаркома БДУ",8890,3,"8890/3"
596,592,"Эпителиоидная лейомиома",8891,0,"8891/0"
597,592,"Эпителиоидная лейомиосаркома",8891,3,"8891/3"
598,592,"Клеточная лейомиома",8892,0,"8892/0"
599,592,"Причудливая лейомиома",8893,0,"8893/0"
600,592,"Ангиомиома",8894,0,"8894/0"
601,592,"Ангиомиосаркома",8894,3,"8894/3"
602,592,"Миома",8895,0,"8895/0"
603,592,"Миосаркома",8895,3,"8895/3"
604,592,"Слизистая лейомиосаркома",8896,3,"8896/3"
605,592,"Гладкомышечная опухоль БДУ",8897,1,"8897/1"
606,592,"Метастазирующая лейомиома",8898,1,"8898/1"
607,592,"Рабдомиома БДУ",8900,0,"8900/0"
608,592,"Рабдомиосаркома БДУ",8900,3,"8900/3"
609,592,"Плеоморфная рабдомиосаркома",8901,3,"8901/3"
610,592,"Рабдомиосаркома смешанного тип",8902,3,"8902/3"
611,592,"Фетальная рабдомиома",8903,0,"8903/0"
612,592,"Зрелая рабдомиома",8904,0,"8904/0"
613,592,"Генитальная рабдомиома (С51._, С52.9)",8905,0,"8905/0"
614,592,"Эмбриональная рабдомиосаркома",8910,3,"8910/3"
615,592,"Веретеноклеточная рабдомиосаркома",8912,3,"8912/3"
616,592,"Альвеолярная рабдомиосаркома",8920,3,"8920/3"
617,592,"Рабдомиосаркома с дифференцировкой ганглиев",8921,3,"8921/3"
618,,"893—899 Сложные смешанные  и стромальные новообразования",,,
619,618,"Эндометриальный стромальный узел (D26.1)",8930,3,"8930/0"
620,618,"Эндометриальная стромальная саркома (С54.1)",8930,3,"8930/3"
621,618,"Эндометриальная стромальная саркома низкой степени злокачественности (С54.1)",8931,3,"8931/3"
622,618,"Аденомиома",8932,0,"8932/0"
623,618,"Аденосаркома",8933,3,"8933/3"
624,618,"Карцинофиброма",8934,3,"8934/3"
625,618,"Стромальная опухоль, доброкачественная",8935,0,"8935/0"
626,618,"Стромальная опухоль, БДУ",8935,1,"8935/1"
627,618,"Стромальная саркома, БДУ",8935,3,"8935/3"
628,618,"Гастроинтестинальная стромальнаяопухоль, доброкачественная",8936,0,"8936/0"
629,618,"Гастроинтестинальная стромальная опухоль, БДУ",8936,1,"8936/1"
630,618,"Гастроинтестинальная стромальная саркома",8936,3,"8936/3"
631,618,"Плеоморфная аденом",8940,0,"8940/0"
632,618,"Злокачественная смешанная опухоль БДУ",8940,3,"8940/3"
633,618,"Рак в плеоморфной аденоме (С07.-, С08-)",8941,3,"8941/3"
634,618,"Мюллеровская смешанная опухоль (С54.-)",8950,3,"8950/3"
635,618,"Мезодермальная смешанная опухоль",8951,3,"8951/3"
636,618,"Доброкачественная кистозная нефрома (С64.9)",8959,0,"8959/0"
637,618,"Кистозная частично дифференцированная нефробластома (С64.9)",8959,1,"8959/1"
638,618,"Злокачественная кистозная нефрома (С64.9)",8959,3,"8959/3"
639,618,"Мезобластическая нефром",8960,1,"8960/1"
640,618,"Нефробластома БДУ (С64)",8960,3,"8960/3"
641,618,"Рабдоидная саркома",8963,3,"8963/3"
642,618,"Светлоклеточная саркома почки (С64)",8964,3,"8964/3"
643,618,"Нефрогенная аденофиброма (С64.9)",8965,0,"8965/0"
644,618,"Реномедуллярная интерстициальная опухоль (С64.9)",8966,0,"8966/0"
645,618,"Оссифицирующая опухоль почки (С64.9)",8967,0,"8967/0"
646,618,"Гепатобластома (С22.0)",8970,3,"8970/3"
647,618,"Панкреатобластома (С25.-)",8971,3,"8971/3"
648,618,"Легочная бластома (С34.-)",8972,3,"8972/3"
649,618,"Плевролегочная бластома",8973,3,"8973/3"
650,618,"Сиалобластома",8974,1,"8974/1"
651,618,"Обызвествленная гнездная эпителиально-стромальная опухоль (С22.0)",8975,1,"8975/1"
652,618,"Карциносаркома БДУ",8980,3,"8980/3"
653,618,"Карциносаркома эмбриональная",8981,3,"8981/3"
654,618,"Миоэпителиом",8982,0,"8982/0"
655,618,"Злокачественная миоэпителиома",8982,3,"8982/3"
656,618,"Аденомиоэпителиома (С50._)",8983,0,"8983/0"
657,618,"Мезенхимома доброкачественная",8990,0,"8990/0"
658,618,"Мезенхимома БДУ",8990,1,"8990/1"
659,618,"Мезенхимома злокачественная",8990,3,"8990/3"
660,618,"Эмбриональная саркома",8991,3,"8991/3"
661,,"900—903 Фиброэпителиальные  новообразования",,,
662,661,"Опухоль Бреннера БДУ (D27)",9000,0,"9000/0"
663,661,"Опухоль Бреннера, пограничная злокачественность (D39.1)",9000,1,"9000/1"
664,661,"Опухоль Бреннера злокачественная (С56)",9000,3,"9000/3"
665,661,"Фиброаденома БДУ (D24)",9010,0,"9010/0"
666,661,"Интраканаликулярная фиброаденома (D24)",9011,0,"9011/0"
667,661,"Периканаликулярная фиброаденома (D24)",9012,0,"9012/0"
668,661,"Аденофиброма БДУ (D27)",9013,0,"9013/0"
669,661,"Серозная аденофиброма (D27)",9014,0,"9014/0"
670,661,"Серозная аденофиброма пограничной злокачественности",9014,1,"9014/1"
671,661,"Серозная аденокарцинофиброма",9014,3,"9014/3"
672,661,"Муцинозная аденофиброма (D27)",9015,0,"9015/0"
673,661,"Муцинозная аденофиброма пограничной злокачественности",9015,1,"9015/1"
674,661,"Муцинозная аденокарцинофиброма",9015,3,"9015/3"
675,661,"Гигантская фиброаденома (D24)",9016,0,"9016/0"
676,661,"Листовидная опухоль доброкачественная (D24)",9020,0,"9020/0"
677,661,"Листовидная опухоль БДУ (D48.6)",9020,1,"9020/1"
678,661,"Листовидная опухоль злокачественная (С50.-)",9020,3,"9020/3"
679,661,"Ювенильная фиброаденома (D24)",9030,0,"9030/0"
680,661,"Синовиома доброкачественная",9040,0,"9040/0"
681,,"904 Опухоли синовиальных  оболочек",,,
682,681,"Синовиальная саркома БДУ",9040,3,"9040/3"
683,681,"Синовиальная саркома веретеноклеточная",9041,3,"9041/3"
684,681,"Синовиальная саркома эпителиоидно-клеточная",9042,3,"9042/3"
685,681,"Синовиальная саркома двухфазная",9043,3,"9043/3"
686,681,"Светлоклеточная саркома (за исключением почечной М8964/3)",9044,3,"9044/3"
687,,"905 Новообразования  из клеток мезотелия",,,
688,687,"Мезотелиома доброкачественная (D19.-)",9050,0,"9050/0"
689,687,"Мезотелиома злокачественная (С45.-)",9050,3,"9050/3"
690,687,"Фиброзная мезотелиома доброкачественная (D19.-)",9051,0,"9051/0"
691,687,"Фиброзная мезотелиома злокачественная (С45.-)",9051,3,"9051/3"
692,687,"Эпителиоидная мезотелиома доброкачественная (D19.-)",9052,0,"9052/0"
693,687,"Эпителиоидная мезотелиома злокачественная (С45.-)",9052,3,"9052/3"
694,687,"Мезотелиома двухфазная злокачественная (С45.-)",9053,3,"9053/3"
695,687,"Аденоматоидная опухоль БДУ (D19.-)",9054,0,"9054/0"
696,687,"Поликистозная мезотелиома, доброкачественная",9055,0,"9055/0"
697,687,"Кистозная мезотелиом",9055,1,"9055/1"
698,,"906—909 Герминогенные  новообразования",,,
699,698,"Дисгерминома",9060,3,"9060/3"
700,698,"Семинома БДУ (С62.-)",9061,3,"9061/3"
701,698,"Семинома анапластическая (С62.-)",9062,3,"9062/3"
702,698,"Сперматоцитная семинома (С62.-)",9063,3,"9063/3"
703,698,"Внутриканальцевые (интратубулярные) злокачественные зародышевые клетки (С62._)",9064,2,"9064/2"
704,698,"Герминома",9064,3,"9064/3"
705,698,"Герминогенная опухоль, несеминомная (С62._)",9065,3,"9065/3"
706,698,"Эмбриональный рак БДУ",9070,3,"9070/3"
707,698,"Опухоль эндодермального синус",9071,3,"9071/3"
708,698,"Полиэмбриом",9072,3,"9072/3"
709,698,"Гонадобластом",9073,1,"9073/1"
710,698,"Тератома доброкачественная",9080,0,"9080/0"
711,698,"Тератома БДУ",9080,1,"9080/1"
712,698,"Тератома злокачественная БДУ",9080,3,"9080/3"
713,698,"Тератокарцином",9081,3,"9081/3"
714,698,"Злокачественная тератома недифференцированная",9082,3,"9082/3"
715,698,"Злокачественная тератома промежуточная",9083,3,"9083/3"
716,698,"Дермоидная киста БДУ",9084,0,"9084/0"
717,698,"Тератома со злокачественной трансформацией",9084,3,"9084/3"
718,698,"Смешанная герминогенная опухоль",9085,3,"9085/3"
719,698,"Струма яичника БДУ (D27)",9090,0,"9090/0"
720,698,"Струма яичника злокачественная (С56)",9090,3,"9090/3"
721,698,"Струмальный карциноид (D39.1)",9091,1,"9091/1"
722,,"910 Трофобластические  новообразования",,,
723,722,"Пузырный занос БДУ (O01.9)",9100,0,"9100/0"
724,722,"Инвазивный пузырный занос (D39.2)",9100,1,"9100/1"
725,722,"Хориокарцинома БДУ",9100,3,"9100/3"
726,722,"Хориокарцинома в сочетании с другими герминогенными элементами",9101,3,"9101/3"
727,722,"Злокачественная тератома трофобластическая (С62.-)",9102,3,"9102/3"
728,722,"Частичный пузырный занос (O01.0)",9103,0,"9103/0"
729,722,"Плацентарная трофобластическая опухоль (D39.2)",9104,1,"9104/1"
730,722,"Трофобластическая опухоль, эпителиоидная",9105,3,"9105/3"
731,,"911 Мезонефромы",,,
732,731,"Мезонеорома доброкачественная",9110,0,"9110/0"
733,731,"Мезонеоральная опухоль",9110,1,"9110/1"
734,731,"Мезонеорома злокачественная",9110,3,"9110/3"
735,,"912—916 Опухоли  кровеносных сосудов",,,
736,735,"Гемангиома БДУ (D18.0)",9120,0,"9120/0"
737,735,"Гемангиосаркома",9120,3,"9120/3"
738,735,"Кавернозная гемангиома (D18.0)",9121,0,"9121/0"
739,735,"Венозная гемангиома (D18.0)",9122,0,"9122/0"
740,735,"Гроздевидная гемангиома (D18.0)",9123,0,"9123/0"
741,735,"Саркома из купферовых клеток (С22.0)",9124,3,"9124/3"
742,735,"Эпителиоидная гемангиома (D18.0)",9125,0,"9125/0"
743,735,"Гемангиоэндотелиома доброкачественная (D18.0)",9130,0,"9130/0"
744,735,"Гемангиоэндотелиома БДУ",9130,1,"9130/1"
745,735,"Гемангиоэндотелиома злокачественная",9130,3,"9130/3"
746,735,"Капиллярная гемангиома (D18.0)",9131,0,"9131/0"
747,735,"Внутримышечная гемангиома (D18.0)",9132,0,"9132/0"
748,735,"Эпителиоидная гемангиоэндотелиома БДУ",9133,1,"9133/1"
749,735,"Эпителиоидная гемангиоэндотелиома злокачественная",9133,3,"9133/3"
750,735,"Внутрисосудистая папиллярная  ангиоэндотелиома",9135,1,"9135/1"
751,735,"Веретеноклеточная гемангиоэндотелиома",9136,1,"9136/1"
752,735,"Саркома Калоши (С46.-)",9140,3,"9140/3"
753,735,"Ангиокератома (D18.0)",9141,0,"9141/0"
754,735,"Веррукозная гемангиома с ороговением (D18.0)",9142,0,"9142/0"
755,735,"Гемангиоперицитома доброкачественная (D18.0)",9150,0,"9150/0"
756,735,"Гемангиоперицитома БДУ",9150,1,"9150/1"
757,735,"Гемангиоперицитома злокачественная",9150,3,"9150/3"
758,735,"Ангиофиброма БДУ (D18.0)",9160,0,"9160/0"
759,735,"Приобретенная пучковая гемангиома",9161,0,"9161/0"
760,735,"Гемангиобластом",9161,1,"9161/1"
761,,"917 Опухоли лимфатических  сосудов",,,
762,761,"Лимфангиома БДУ (D18.1)",9170,0,"9170/0"
763,761,"Лимфангиосаркома",9170,3,"9170/3"
764,761,"Капиллярная лимфангиома (D18.1)",9171,0,"9171/0"
765,761,"Кавернозная лимфангиома (D18.1)",9172,0,"9172/0"
766,761,"Кистозная лимфангиома (D18.1)",9173,0,"9173/0"
767,761,"Лимфангиомиома (D18.1)",9174,0,"9174/0"
768,761,"Лимфангиомиоматоз",9174,1,"9174/1"
769,761,"Гемолимфангиома (D18.1)",9175,0,"9175/0"
770,,"918—924 Костные  и хондроматозные новообразования",,,
771,770,"Остеома БДУ (D16.-)",9180,0,"9180/0"
772,770,"Остеосаркома БДУ (С40-, С41.-)",9180,3,"9180/3"
773,770,"Хондробластическая остеосаркома (С40.-, С41.-)",9181,3,"9181/3"
774,770,"Фибробластическая остеосаркома (С40.-, С41-)",9182,3,"9182/3"
775,770,"Телеангиэктатическая остеосаркома (С40.-, С41.-)",9183,3,"9183/3"
776,770,"Остеосаркома при болезни Педжета костей (С40.-, С41.-)",9184,3,"9184/3"
777,770,"Мелкоклеточная остеосаркома (С40.-, С41.-)",9185,3,"9185/3"
778,770,"Центральная остеосаркома (С40._, С41._)",9186,3,"9186/3"
779,770,"Внутрикостная высокодифференцированная остеосаркома (С40._, С41._)",9187,3,"9187/3"
780,770,"Остеоидная остеома БДУ (D16.-)",9191,0,"9191/0"
781,770,"Паростальная остеосаркома (С40._, С41._)",9192,3,"9192/3"
782,770,"Периостальная остеосаркома (С40._, С41._)",9193,3,"9193/3"
783,770,"Поверхностная остеосаркома высокой степени злокачественности(С40._, С41._)",9194,3,"9194/3"
784,770,"Интракортикальная остеосаркома (С40._, С41._)",9195,3,"9195/3"
785,770,"Остеобластома БДУ (D16.-)",9200,0,"9200/0"
786,770,"Агрессивная остеобластома (D48.0)",9200,1,"9200/1"
787,770,"Остеохондрома (D16.-)",9210,0,"9210/0"
788,770,"Остеохондроматоз БДУ (D48.0)",9210,1,"9210/1"
789,770,"Хондрома БДУ (D16.-)",9220,0,"9220/0"
790,,"917 Опухоли лимфатических  сосудов",,,
791,790,"Хондроматоз БДУ",9220,1,"9220/1"
792,790,"Хондросаркома БДУ (С40.-, С41-)",9220,3,"9220/3"
793,790,"Юкстакортикальная хондрома (D16.-)",9221,0,"9221/0"
794,790,"Юкстакортикальная хондросаркома (С40.-, С41.-)",9221,3,"9221/3"
795,790,"Хондросаркома БДУ (D16.-)",9230,0,"9230/0"
796,790,"Хондробластома злокачественная (С40.-, С41.-)",9230,3,"9230/3"
797,790,"Слизенодобная хондросаркома",9231,3,"9231/3"
798,790,"Мезенхимальная хондросаркома",9240,3,"9240/3"
799,790,"Хондромиксоидная фиброма (D16.-)",9241,0,"9241/0"
800,790,"Светлоклеточная хондросаркома (С40._, С41._)",9242,3,"9242/3"
801,790,"Дедифференцированная хондросаркома (С40._, С41._)",9243,3,"9243/3"
802,,"925 Гигантоклеточные опухоли",,,
803,802,"Гигантоклеточная опухоль костей, БДУ (С40._, С41._)",9250,1,"9250/1"
804,802,"Гигантоклеточная опухоль кости злокачественная (С40-, С41.",9250,3,"9250/3"
805,802,"Гигантоклеточная опухоль мягких тканей БДУ",9251,1,"9251/1"
806,802,"Злокачественная гигантоклеточная опухоль мягких тканей",9251,3,"9251/3"
807,802,"Теносиновиальная гигантоклеточная опухоль (С49._)",9252,0,"9252/0"
808,802,"Злокачественная теносиновиальная гигантоклеточная опухоль (С49._)",9252,3,"9252/3"
809,,"926 Прочие опухоли костей",,,
810,809,"Саркома Юинга (С40.-, С41.-)",9260,3,"9260/3"
811,809,"Адамантинома длинных костей (С40.-, С41.-)",9261,3,"9261/3"
812,809,"Оссифицирующая фиброма (D16.-)",9262,0,"9262/0"
813,,"927—934 Одонтогенные опухоли",,,
814,813,"Одонтогенная опухоль доброкачественная (D16.4, D16.5)",9270,0,"9270/0"
815,813,"Одонтогенная опухоль БДУ (D48.0)",9270,1,"9270/1"
816,813,"Одонтогенная опухоль злокачественная (С41.0, С41.1)",9270,3,"9270/3"
817,813,"Дентинома (D16.4, D16.5)",9271,0,"9271/0"
818,813,"Цементома БДУ (D16.4, D16.5)",9272,0,"9272/0"
819,813,"Цементобластома доброкачественная (D16.4, D16.5)",9273,0,"9273/0"
820,813,"Цементирующаяся фиброма (D16.4, D16.5)",9274,0,"9274/0"
821,813,"Гигантоформная цементома (D16.4, D16.5)",9275,0,"9275/0"
822,813,"Одонтома БДУ (D16.4, D16.5)",9280,0,"9280/0"
823,813,"Смешанная одонтома (D16.4, D16.5)",9281,0,"9281/0"
824,813,"Сложная одонтома (D16.4, D16.5)",9282,0,"9282/0"
825,813,"Амелобластическая фиброодонтома (D16.4, D16.5)",9290,0,"9290/0"
826,813,"Амелобластическая одонтосаркома (С41.0, С41.1)",9290,3,"9290/3"
827,813,"Аденоматоидная одонтогенная опухоль (D16.4, D16.5)",9300,0,"9300/0"
828,813,"Обызвествляющаяся одонтогенная киста (D16.4, D16.5)",9301,0,"9301/0"
829,813,"Одонтогенная опухоль из клеток-теней (D16.4, D16.5)",9302,0,"9302/0"
830,813,"Амелобластома БДУ (D16.4, D16.5)",9310,0,"9310/0"
831,813,"Амелобластома злокачественная (С41.0, С41.1)",9310,3,"9310/3"
832,813,"Одонтоамелобластома (D16.4, D16.5)",9311,0,"9311/0"
833,813,"Плоскоклеточная одонтогенная опухоль (D16.4, D16.5)",9312,0,"9312/0"
834,813,"Одонтогенная миксома (D16.4, D16.5)",9320,0,"9320/0"
835,813,"Центральная одонтогенная фиброма (D16.4, D16.5)",9321,0,"9321/0"
836,813,"Периферическая одонтогенная фиброма (D16.4, D16.5)",9322,0,"9322/0"
837,813,"Амелобластическая фиброма (D16.4, D16.5)",9330,0,"9330/0"
838,813,"Амелобластическая фибросаркома (С41.0, С41.1)",9330,3,"9330/3"
839,813,"Обызвествляющаяся эпителиальная одонтогенная опухоль(D16.4, D16.5)",9340,0,"9340/0"
840,813,"Светлоклеточная одонтогенная опухоль",9341,1,"9341/1"
841,813,"Одонтогенная карциносаркома",9342,3,"9342/3"
842,,"935—937 Разные опухоли",,,
843,842,"Краниофарингиома (D44.4)",9350,1,"9350/1"
844,842,"Краниофарингиома, адамантиноматозная (С75.2)",9351,1,"9351/1"
845,842,"Краниофарингиома, папиллярная (С75.2)",9352,1,"9352/1"
846,842,"Пинеалома (D44.5)",9360,1,"9360/1"
847,842,"Пинеоцитома (D44.5)",9361,1,"9361/1"
848,842,"Пинеобластома (С75.3)",9362,3,"9362/3"
849,842,"Меланотическая нейроэктодермальная опухоль",9363,0,"9363/0"
850,842,"Периферическая нейроэктодермальная опухоль",9364,3,"9364/3"
851,842,"Опухоль Аскина",9365,3,"9365/3"
852,842,"Хордома, БДУ",9370,3,"9370/3"
853,842,"Хондроидная хордома",9371,3,"9371/3"
854,842,"Дедифференцированная хордома",9372,3,"9372/3"
855,842,"Парахордома",9373,0,"9373/0"
856,,"938—948 Глиомы",,,
857,856,"Глиома злокачественная (С71.-)",9380,3,"9380/3"
858,856,"Глиоматоз мозга (С71.-)",9381,3,"9381/3"
859,856,"Смешанная глиома (С71.-)",9382,3,"9382/3"
860,856,"Субэпендимальная глиома (D43.-)",9383,1,"9383/1"
861,856,"Субэпендимальная гигантоклеточная астроцитома (D43.-)",9384,1,"9384/1"
862,856,"Папиллома хориоидного сплетения БДУ (D33.0)",9390,0,"9390/0"
863,856,"Атипичная папиллома сосудистого сплетения (С71.5)",9390,1,"9390/1"
864,856,"Папиллома хориоидного сплетения злокачественная (С71.5)",9390,3,"9390/3"
865,856,"Эпендимома БДУ (С71.-)",9391,3,"9391/3"
866,856,"Эпендимома анапластическая (С71.-)",9392,3,"9392/3"
867,856,"Папиллярная эпендимома (С71._)",9393,3,"9393/3"
868,856,"Миксопапиллярная эпендимома (D43.-)",9394,1,"9394/1"
869,856,"Папиллярная опухоль пинеальной области",9395,3,"9395/3"
870,856,"Астроцитома БДУ (С71.-)",9400,3,"9400/3"
871,856,"Астроцитома анапластическая (С71.-)",9401,3,"9401/3"
872,856,"Протоплазматическая астроцитома (С71.-)",9410,3,"9410/3"
873,856,"Гемистоцитарная астроцитома (С71.-)",9411,3,"9411/3"
874,856,"Десмопластическая инфантильная астроцитома (С71._)",9412,1,"9412/1"
875,856,"Дисэмбриопластическая нейроэпителиальная опухоль",9413,0,"9413/0"
876,856,"Фибриллярная астроцитома (С71.-)",9420,3,"9420/3"
877,856,"Пилоцитарная астроцитома (С71._)",9421,1,"9421/1"
878,856,"Спонгиобластома полярная (С71.-)",9423,3,"9423/3"
879,856,"Плеоморфная ксантоастроцитома (С71.-)",9424,3,"9424/3"
880,856,"Пиломиксоидная астроцитома",9425,3,"9425/3"
881,856,"Астробластома (С71.-)",9430,3,"9430/3"
882,856,"Ангиоцентрическая глиома",9431,1,"9431/1"
883,856,"Питуицитома",9432,1,"9432/1"
884,856,"Глиобластома БДУ (С71.-)",9440,3,"9440/3"
885,856,"ГигантОклеточная глиобластома (С71.-)",9441,3,"9441/3"
886,856,"Глиофиброма (C71._)",9442,1,"9442/1"
887,856,"Глиосаркома (С71.-)",9442,3,"9442/3"
888,856,"Хордоидная глиома (С71._)",9444,1,"9444/1"
889,856,"Олигодендроглиома БДУ (С71.-)",9450,3,"9450/3"
890,856,"Олигодендроглиома анапластическая (С71.-)",9451,3,"9451/3"
891,856,"Олигодендробластома (С71.-)",9460,3,"9460/3"
892,856,"Медуллобластома БДУ (С71.6)",9470,3,"9470/3"
893,856,"Десмопластическая медуллобластома (С71.6)",9471,3,"9471/3"
894,856,"Медулломиобластома (С71.6)",9472,3,"9472/3"
895,856,"Примитивная нейроэктодермальная опухоль (С71.-)",9473,3,"9473/3"
896,856,"Крупноклеточная медуллобластома (С71.6)",9474,3,"9474/3"
897,856,"Мозжечковая саркома БДУ (С71.6)",9480,3,"9480/3"
898,,"949—952 Нейроэпителиальные  новообразования",,,
899,898,"Ганглионеврома",9490,0,"9490/0"
900,898,"Ганглионейробластома",9490,3,"9490/3"
901,898,"Ганглионейроматоз",9491,0,"9491/0"
902,898,"Ганглиоцитома",9492,0,"9492/0"
903,898,"Диспластическая ганглиоцитома мозжечка (болезнь Лермитта-Дюк-ло) (С71.6)",9493,0,"9493/0"
904,898,"Нейробластома БДУ",9500,3,"9500/3"
905,898,"Медуллоэпителиома, доброкачественная (С69.4)",9501,0,"9501/0"
906,898,"Медуллоэпителиома БДУ",9501,3,"9501/3"
907,898,"Тератоидная медуллоэпителиома, доброкачественная (С69.4)",9502,0,"9502/0"
908,898,"Тератоидная медуллоэпителиом",9502,3,"9502/3"
909,898,"Нейроэпителиома БДУ",9503,3,"9503/3"
910,898,"Спонгионейробластом",9504,3,"9504/3"
911,898,"Ганглиоглиом",9505,1,"9505/1"
912,898,"Ганглиоглиома, анапластическая",9505,3,"9505/3"
913,898,"Центральная нейроцитома",9506,1,"9506/1"
914,898,"Пачиниева опухоль",9507,0,"9507/0"
915,898,"Атипичная тератоидная/рабдоидная опухоль (С71._)",9508,3,"9508/3"
916,898,"Папиллярная глионейрональная опухоль",9509,1,"9509/1"
917,898,"Ретиноцитома (С69.2)",9510,0,"9510/0"
918,898,"Ретинобластома БДУ (С69.2)",9510,3,"9510/3"
919,898,"Ретинобластома дифференцированная (С69.2)",9511,3,"9511/3"
920,898,"Ретинобластома недифференцированная (С69.2)",9512,3,"9512/3"
921,898,"Ретинобластома, диффузная (С69.2)",9513,3,"9513/3"
922,898,"Ретинобластома, спонтанно регрессирующая (С69.2)",9514,1,"9514/1"
923,898,"Ольфакторная нейрогенная опухоль",9520,3,"9520/3"
924,898,"Эстезионейроцитома (СЗО.О)",9521,3,"9521/3"
925,898,"Эстезионейробластома (СЗО.О)",9522,3,"9522/3"
926,898,"Эстезионейроэпителиома (СЗО.О)",9523,3,"9523/3"
927,,"953 Менингиомы",,,
928,927,"Менингиома БДУ (D32.-)",9530,0,"9530/0"
929,927,"Менингиоматоз БДУ (D42.-)",9530,1,"9530/1"
930,927,"Менингиома злокачественная (С70.-)",9530,3,"9530/3"
931,927,"Менинготелиоматозная менингиома (D32.-)",9531,0,"9531/0"
932,927,"Фиброзная менингиома (D32.-)",9532,0,"9532/0"
933,927,"Псаммоматозная менингиома (D32.-)",9533,0,"9533/0"
934,927,"Ангиоматозная менингиома (D32.-)",9534,0,"9534/0"
935,927,"Гемангиобластическая менингиома (D32.-)",9535,0,"9535/0"
936,927,"Переходная менингиома (D32.-)",9537,0,"9537/0"
937,927,"Папиллярная менингиома (D42.-)",9538,1,"9538/1"
938,927,"Папиллярная менингиома",9538,3,"9538/3"
939,927,"Атипичная менингиома",9539,1,"9539/1"
940,927,"Менингеальный саркоматоз (С70.-)",9539,3,"9539/3"
941,,"954—957 Опухоли нервных  оболочек",,,
942,941,"Нейрофиброма БДУ",9540,0,"9540/0"
943,941,"Нейрофиброматоз БДУ (Q85.0)",9540,1,"9540/1"
944,941,"Нейрофибросаркома",9540,3,"9540/3"
945,941,"Меланотическая нейрофибром",9541,0,"9541/0"
946,941,"Плексиформная нейрофибром",9550,0,"9550/0"
947,941,"Неврилеммома БДУ",9560,0,"9560/0"
948,941,"Невриноматоз",9560,1,"9560/1"
949,941,"Неврилеммома злокачественная",9560,3,"9560/3"
950,941,"Тритон-опухоль злокачественная",9561,3,"9561/3"
951,941,"Невротеком",9562,0,"9562/0"
952,941,"Неврома БДУ",9570,0,"9570/0"
953,941,"Периневриома, БДУ",9571,0,"9571/0"
954,941,"Периневриома, злокачественная",9571,3,"9571/3"
955,,"958 Зернистоклеточные опухоли и  альвеолярные саркомы мягких тканей",,,
956,955,"Зернистоклеточная опухоль злокачественная",9580,0,"9580/0"
957,955,"Зернистоклеточная опухоль БДУ",9580,0,"9580/0"
958,955,"Зернистоклеточная опухоль, злокачественная",9580,3,"9580/3"
959,955,"Альвеолярная мягкотканная саркома",9581,3,"9581/3"
960,955,"Зернистоклеточная опухоль области турецкого седла (С75.1)",9582,0,"9582/0"
961,,"959 Злокачественные лимфомы, БДУ или диффузные",,,
962,961,"Злокачественная лимфома БДУ (С85.9)",9590,3,"9590/3"
963,961,"Злокачественная неходжкинская лимфома БДУ (С85.9)",9591,3,"9591/3"
964,961,"Смешанная лимфома Ходжкина и неходжкинская лимфома",9596,3,"9596/3"
965,961,"Первичная лимфома кожи из клеток фолликулярного центра",9597,3,"9597/3"
966,,"965—966 Лимфома Ходжкина",,,
967,966,"Болезнь Ходжкина БДУ (С81.9)",9650,3,"9650/3"
968,966,"Лимфома Ходжкина, богатая лимфоцитами",9651,3,"9651/3"
969,966,"Болезнь Ходжкина смешанноклеточная БДУ (С81.2)",9652,3,"9652/3"
970,966,"Лимфома Ходжкина, с лимфоцитарным истощением, БДУ",9653,3,"9653/3"
971,966,"Болезнь Ходжкина с лимфоцитарным истощением и диффузным фиброзом (С81.3)",9654,3,"9654/3"
972,966,"Болезнь Ходжкина с лимфоцитарным истощением ретикулярная (С81.3)",9655,3,"9655/3"
973,966,"Болезнь Ходжкина с лимфоцитарным преобладанием нодулярная (С81.0)",9659,3,"9659/3"
974,966,"Гранулема Ходжкина (С81.7)",9661,3,"9661/3"
975,966,"Саркома Ходжкина (С81.7)",9662,3,"9662/3"
976,966,"Болезнь Ходжкина с нодулярным склерозом БДУ (С81.1)",9663,3,"9663/3"
977,966,"Болезнь Ходжкина с нодулярным склерозом, клеточная фаза(С81.1)",9664,3,"9664/3"
978,966,"Болезнь Ходжкина с нодулярным склерозом, лимфоцитарное преобладание (С81.1)",9665,3,"9665/3"
979,966,"Болезнь Ходжкина с нодулярным склерозом, лимфоцитарное истощение (С81.1)",9667,3,"9667/3"
980,,"967—969 Лимфомы  из зрелых B-клеток",,,
981,980,"Злокачественная лимфома, В-клеточная из малых лимфоцитов, БДУ",9670,3,"9670/3"
982,980,"Злокачественная лимфома лимфоплазмоцитарная (С83.8)",9671,3,"9671/3"
983,980,"Злокачественная лимфома лимфоцитарная умеренно дифференцированная диффузная (С83.8)",9673,3,"9673/3"
984,980,"Злокачественная лимфома смешанная мелко- и крупноклеточная диффузная (С83.2)",9675,3,"9675/3"
985,980,"Первичная лимфома серозных  полостей",9678,3,"9678/3"
986,980,"B-крупноклеточная лимфома средостения (С38.3)",9679,3,"9679/3"
987,980,"Злокачественная лимфома крупноклеточная диффузная БДУ (С83.3)",9680,3,"9680/3"
988,980,"Злокачественная лимоома иммунобластная БДУ (С83.4)",9684,3,"9684/3"
989,980,"Лимфома Беркитта БДУ (С83.7)",9687,3,"9687/3"
990,980,"Богатая T-клетками/богатая гистиоцитами B-крупноклеточная  лимфома",9688,3,"9688/3"
991,980,"B-клеточная лимфома маргинальной зоны селезенки (С42.2)",9689,3,"9689/3"
992,980,"Злокачественная лимфома фолликулярная БДУ (С82.9)",9690,3,"9690/3"
993,980,"Злокачественная лимфома смешанная из мелких клеток с расщепленными ядрами и крупных клеток фолликулярная (С82.1)",9691,3,"9691/3"
994,980,"Злокачественная лимфома из мелких клеток с расщепленными ядрами фолликулярная (С82.0)",9695,3,"9695/3"
995,980,"Злокачественная лимфома крупноклеточная фолликулярная БДУ (С82.2)",9698,3,"9698/3"
996,980,"B-клеточная лимфома маргинальной зоны, БДУ",9699,3,"9699/3"
997,,"970—971 Зрелые T- и  NK-клеточные лимфомы",,,
998,997,"Грибовидный микоз (С44._)",9700,3,"9700/3"
999,997,"Синдром Сезари",9701,3,"9701/3"
1000,997,"Периферическая Т-клеточная лимфома БДУ (С84.4)",9702,3,"9702/3"
1001,997,"Периферическая Т-клеточная лимфома АИЛД (ангиоиммунобластная лимфоаденопатия с диспротеинемией) (С84.4)",9705,3,"9705/3"
1002,997,"Подкожная панникулитоподобная T-клеточная лимфома",9708,3,"9708/3"
1003,997,"Кожная лимфома (С84.5)",9709,3,"9709/3"
1004,997,"Ангиоэндотелиоматоз (С85.7)",9712,3,"9712/3"
1005,997,"Крупноклеточная (Ki = 1 +) лимфома (С85.7)",9714,3,"9714/3"
1006,997,"Гепатолиенальная T-клеточная лимфома",9716,3,"9716/3"
1007,997,"Кишечная T-клеточная лимфома",9717,3,"9717/3"
1008,997,"Первичное CD30+ T-клеточное лимфопролиферативное заболевание кожи (С44._)",9718,3,"9718/3"
1009,997,"NK/T-клеточная лимфома, назальная и назального типа",9719,3,"9719/3"
1010,,"972 Лимфобластная лимфома из клеток-предшественников",,,
1011,1010,"Системное EBV (Вирус Эпштейна- Барр)-позитивное T-клеточное лимфопролиферативное заболевание детского возраста",9724,3,"9724/3"
1012,1010,"Пузырчаткоподобная (hydroa vacciniforme-подобная) лимфома",9725,3,"9725/3"
1013,1010,"Первичная кожная гаммма-дельта T-клеточная лимфома",9726,3,"9726/3"
1014,1010,"Лимфобластная лимфома из клеток-предшественников, БДУ (см. также М-9835/3)",9727,3,"9727/3"
1015,1010,"Лимфобластная B-клеточная лимфома из клеток-предшественников (см. также М-9836/3)",9728,3,"9728/3"
1016,1010,"Лимфобластная T-клеточная лимфома из клеток-предшественников (см. также М-9837/3)",9729,3,"9729/3"
1017,,"973 Плазмоклеточные опухоли",,,
1018,1017,"Плазмоцитома БДУ (С90.2)",9731,3,"9731/3"
1019,1017,"Множественная миелома (С42.1)",9732,3,"9732/3"
1020,1017,"Плазмоклеточный лейкоз (С42.1)",9733,3,"9733/3"
1021,1017,"Плазмоцитома, экстрамедуллярная",9734,3,"9734/3"
1022,1017,"Плазмобластная лимфома",9735,3,"9735/3"
1023,1017,"ALK-позитивная B-крупноклеточная лимфома",9737,3,"9737/3"
1024,1017,"B-крупноклеточная лимфома, возникающая при HHV8 (герпесвирус человека 8 типа)-ассоциированной мультицентрической форме болезни Кастлемана",9738,3,"9738/3"
1025,,"974 Тучноклеточные опухоли",,,
1026,1025,"Мастоцитома БДУ (D47.0)",9740,1,"9740/1"
1027,1025,"Тучноклеточная саркома (С96.2)",9740,3,"9740/3"
1028,1025,"Вялотекущий системный мастоцитоз",9741,1,"9741/1"
1029,1025,"Злокачественный мастоцитоз (С96.2)",9741,3,"9741/3"
1030,1025,"Тучноклеточный лейкоз (С42.1)",9742,3,"9742/3"
1031,,"975 Новообразования из  гистиоцитов и A-клеток",,,
1032,1031,"Злокачественный гистиоцитоз",9750,3,"9750/3"
1033,1031,"Гистиоцитоз из клеток Лангерганса, БДУ",9751,3,"9751/3"
1034,1031,"Гистиоцитарная саркома",9755,3,"9755/3"
1035,1031,"Саркома из клеток Лангерганса",9756,3,"9756/3"
1036,1031,"Саркома из интердигитирующих дендритных клеток",9757,3,"9757/3"
1037,1031,"Саркома из фолликулярных дендритных клеток",9758,3,"9758/3"
1038,1031,"Опухоль из фибробластических ретикулярных клеток",9759,3,"9759/3"
1039,,"976 Иммунопролиферативные  заболевания",,,
1040,1039,"Иммунопролиферативная болезнь БДУ",9760,3,"9760/3"
1041,1039,"Макроглобулинемия Вальденстрема (С42.0)",9761,3,"9761/3"
1042,1039,"Болезнь тяжелых цепей, БДУ",9762,3,"9762/3"
1043,1039,"Иммунопролиферативная болезнь тонкого кишечника (С88.3)",9764,3,"9764/3"
1044,1039,"Моноклональная гаммапатия неясного генеза",9765,1,"9765/1"
1045,1039,"Ангиоцентрическое иммунопролиферативное поражение (D47.7)",9766,1,"9766/1"
1046,1039,"Ангиоммунобластная лимфаденопатия (АИЛ, AIL)",9767,1,"9767/1"
1047,1039,"Т-гамма-лимфопролиферативная болезнь (D47.7)",9768,1,"9768/1"
1048,1039,"Болезнь отложения иммуноглобулинов",9769,1,"9769/1"
1049,1039,"Лейкоз, БДУ",9800,3,"9800/3"
1050,1039,"Острый лейкоз, БДУ",9801,3,"9801/3"
1051,,"980 Лейкозы, БДУ",,,
1052,1051,"Острый бифенотипический лейкоз",9805,3,"9805/3"
1053,1051,"Острый лейкоз со смешанным фенотипом с t(9;22)(q34;q11.2);BCR-ABL1",9806,3,"9806/3"
1054,1051,"Острый лейкоз со смешанным фенотипом с t(v;11q23); с перестройкой гена MLL",9807,3,"9807/3"
1055,1051,"Острый лейкоз со смешанным B/миелоидным фенотипом, БДУ",9808,3,"9808/3"
1056,1051,"Острый лейкоз со смешанным T/миелоидным фенотипом, БДУ",9809,3,"9809/3"
1057,,"981—983 Лимфоидные лейкозы",,,
1058,1057,"B-лимфобластный лейкоз/лимфома, БДУ",9811,3,"9811/3"
1059,1057,"B-лимфобластный лейкоз/лимфома с t(9;22)(q34;q11.2); BCR-ABL1",9812,3,"9812/3"
1060,1057,"B-лимфобластный лейкоз/лимфома с t(v;11q23); с перестройкой гена MLL",9813,3,"9813/3"
1061,1057,"B-лимфобластный лейкоз/лимфома с t(12;21)(p13;q22); TEL-AML1 (ETV6-RUNX1)",9814,3,"9814/3"
1062,1057,"B-лимфобластный лейкоз/лимфома с гиперплоидией",9815,3,"9815/3"
1063,1057,"B-лимфобластный лейкоз/лимфома с гипоплоидией (Гипоплоидный ОЛЛ)",9816,3,"9816/3"
1064,1057,"B-лимфобластный лейкоз/лимфома с t(5;14)(q31;q32); IL3-IGH",9817,3,"9817/3"
1065,1057,"B-лимфобластный лейкоз/лимфома с t(1;19)(q23;p13.3); E2A-PBX1 (TCF3-PBX1)",9818,3,"9818/3"
1066,1057,"Лимфоидный лейкоз, БДУ",9820,3,"9820/3"
1067,1057,"B-клеточный хронический лимфоцитарный лейкоз/лимфома из малых лимфоцитов",9823,3,"9823/3"
1068,1057,"Беркитто-клеточный лейкоз",9826,3,"9826/3"
1069,1057,"T-клеточный лейкоз/лимфома у взрослых (HTLV-1 (Т-лимфотропный вирус человека первого типа) позитивный)",9827,3,"9827/3"
1070,1057,"T-клеточный лейкоз из больших зернистых лимфоцитов",9831,3,"9831/3"
1071,1057,"Пролимфоцитарный лейкоз, БДУ",9832,3,"9832/3"
1072,1057,"Пролимфоцитарный лейкоз, B-клеточный",9833,3,"9833/3"
1073,1057,"Пролимфоцитарный лейкоз, T-клеточный",9834,3,"9834/3"
1074,1057,"Лимфобластный лейкоз из клеток-предшественников, БДУ",9835,3,"9835/3"
1075,1057,"B-клеточный лимфобластный лейкоз из клеток-предшественников",9836,3,"9836/3"
1076,1057,"T-клеточный лимфобластный лейкоз из клеток-предшественников",9837,3,"9837/3"
1077,,"984—993 Миелоидные лейкозы",,,
1078,1077,"Острый миелоидный лейкоз, тип M6",9840,3,"9840/3"
1079,1077,"Миелоидный лейкоз БДУ (С92.9)",9860,3,"9860/3"
1080,1077,"Острый миелоидный лейкоз (С92.0)",9861,3,"9861/3"
1081,1077,"Хронический миелоидный лейкоз (С92.1)",9863,3,"9863/3"
1082,1077,"Острый миелоидный лейкоз с t(6;9) (p23;q34); DEK-NUP214",9865,3,"9865/3"
1083,1077,"Острый промиелоцитарный лейкоз (С92.4)",9866,3,"9866/3"
1084,1077,"Острый миеломоноцитарный лейкоз (С92.5)",9867,3,"9867/3"
1085,1077,"Острый миелоидный лейкоз с inv(3) (q21;q26.2) или t(13.3)(q21;q26.2); RPN1-EVI1",9869,3,"9869/3"
1086,1077,"Острый базофильный лейкоз",9870,3,"9870/3"
1087,1077,"Острый миелоидный лейкоз с аномальными эозинофилами",9871,3,"9871/3"
1088,1077,"Острый миелоидный лейкоз, с минимальной дифференцировкой",9872,3,"9872/3"
1089,1077,"Острый миелоидный лейкоз без созревания",9873,3,"9873/3"
1090,1077,"Острый миелоидный лейкоз с созреванием",9874,3,"9874/3"
1091,1077,"Хронический миелогенный лейкоз, BCR/ABL-позитивный",9875,3,"9875/3"
1092,1077,"Атипичный хронический миелоидный лейкоз, BCR/ABL-негативный",9876,3,"9876/3"
1093,1077,"Острый моноцитарный лейкоз (С93.0)",9891,3,"9891/3"
1094,1077,"Острый миелоидный лейкоз с миелодиспластическими изменениями",9895,3,"9895/3"
1095,1077,"Острый миелоидный лейкоз, t(8;21)(q22;q22)",9896,3,"9896/3"
1096,1077,"Острый миелоидный лейкоз с нарушениями сегмента 11q23",9897,3,"9897/3"
1097,1077,"Преходящий аномальный миелопоэз",9898,3,"9898/1"
1098,1077,"Миелоидный лейкоз, ассоциированный с синдромом Дауна",9898,3,"9898/3"
1099,1077,"Острый мегакариобластный лейкоз",9910,3,"9910/3"
1100,1077,"Острый миелоидный (мегакариобластный) лейкоз с t(1;22)(p13;q13); RBM15-MKL1",9911,3,"9911/3"
1101,1077,"Миелоидное новообразование, связанное с терапией",9920,3,"9920/3"
1102,1077,"Миелоидная саркома (С92.3)",9930,3,"9930/3"
1103,1077,"Острый панмиелоз (С94.4)",9931,3,"9931/3"
1104,,"994 Прочие лейкозы",,,
1105,1104,"Волосатоклеточный лейкоз (С91.4)",9940,3,"9940/3"
1106,1104,"Хронический миеломоноцитарный лейкоз, БДУ",9945,3,"9945/3"
1107,1104,"Ювенильный миеломоноцитарный лейкоз",9946,3,"9946/3"
1108,1104,"Агрессивный NK-клеточный лейкоз",9948,3,"9948/3"
1109,,"995-996 Хронические  миелопролиферативные  заболевания",,,
1110,1109,"Истинная полицитемия",9950,3,"9950/3"
1111,1109,"Миелопролиферативное новообразование, БДУ",9960,3,"9960/3"
1112,1109,"Первичный миелофиброз",9961,3,"9961/3"
1113,1109,"Эссенциальная тромбоцитемия",9962,3,"9962/3"
1114,1109,"Хронический нейтрофильный  лейкоз",9963,3,"9963/3"
1115,1109,"Хронический эозинофильный  лейкоз, БДУ",9964,3,"9964/3"
1116,1109,"Миелоидные и лимфоидные новообразования с перестройкой гена PDGFRA",9965,3,"9965/3"
1117,1109,"Миелоидные новообразования с перестройкой гена PDGFRB",9966,3,"9966/3"
1118,1109,"Миелоидные и лимфоидные новообразования с нарушениями в гене FGFR1",9967,3,"9967/3"
1119,,"997 Прочие  заболевания системы крови",,,
1120,1119,"Лимфопролиферативное заболевание, БДУ",9970,1,"9970/1"
1121,1119,"Посттрансплантационное лимфопролиферативное заболевание, БДУ",9971,1,"9971/1"
1122,1119,"Полиморфное посттрансплантационное лимфопролиферативное заболевание",9971,3,"9971/3"
1123,1119,"Миелопролиферативное новообразование, неклассифицируемое",9975,3,"9975/3"
1124,,"998-999 Миелодиспластические  синдромы",,,
1125,1124,"Рефрактерная анемия",9980,3,"9980/3"
1126,1124,"Рефрактерная анемия с сидеробластами",9982,3,"9982/3"
1127,1124,"Рефрактерная анемия с избытком бластов",9983,3,"9983/3"
1128,1124,"Рефрактерная анемия с избытком бластов на стадии трансформации [уст.]",9984,3,"9984/3"
1129,1124,"Рефрактерная цитопения с мультилинейной дисплазией",9985,3,"9985/3"
1130,1124,"Миелодиспластический синдром с синдромом делеции 5q/(5q-) синдромом",9986,3,"9986/3"
1131,1124,"Миелодиспластический синдром, связанный с терапией, БДУ",9987,3,"9987/3"
1132,1124,"Миелодиспластический синдром, БДУ",9989,3,"9989/3"
1133,1124,"Рефрактерная нейтропения",9991,3,"9991/3"
1134,1124,"Рефрактерная тромбоцитопения",9992,3,"9992/3"
