ID;PARENT;CODE;NAME;SYNONYMS
17;15;"8010/2";"Рак in situ, БДУ";""
18;15;"8010/3";"Рак, БДУ";""
19;15;"8010/6";"Рак, метастатический, БДУ";""
20;15;"8010/9";"Карциноматоз";""
2;1;"8000/0";"Новообразование, доброкачественное";""
3;1;"8000/1";"Новообразование неопределенной злокачественности";""
4;1;"8000/3";"Новообразование, злокачественное";""
5;1;"8000/6";"Новообразование, метастатическое";""
6;1;"8000/9";"Новообразование, злокачественное, неопределенной локализации";""
7;1;"8001/0";"Опухолевые клетки, доброкачественные";""
8;1;"8001/1";"Опухолевые клетки неопределенной злокачественности";""
9;1;"8001/3";"Опухолевые клетки, злокачественные";""
10;1;"8002/3";"Злокачественная опухоль, мелкоклеточная";""
11;1;"8003/3";"Злокачественная опухоль, гигантоклеточная";""
12;1;"8004/3";"Злокачественная опухоль, веретеноклеточная";""
13;1;"8005/0";"Светлоклеточная опухоль, БДУ";""
14;1;"8005/3";"Злокачественная опухоль, светлоклеточная";""
16;15;"8010/0";"Эпителиальная опухоль, доброкачественная";""
21;15;"8011/0";"Эпителиома, доброкачественная";""
22;15;"8011/3";"Эпителиома, злокачественная";""
23;15;"8012/3";"Крупноклеточный рак, БДУ";""
24;15;"8013/3";"Комбинированный крупноклеточный нейроэндокринный рак";""
25;15;"8014/3";"Крупноклеточный рабдоидный рак";""
26;15;"8015/3";"Стекловидноклеточный рак";""
27;15;"8020/3";"Рак, недифференцированный, БДУ (неуточненный)";"Анапластический недифференцированный рак; Дедифференцированный рак"
28;15;"8021/3";"Рак, анапластический, БДУ";""
29;15;"8022/3";"Плеоморфный рак";""
30;15;"8030/3";"Гигантоклеточный и веретеноклеточный рак";""
31;15;"8031/3";"Гигантоклеточный рак";""
32;15;"8032/3";"Веретеноклеточный рак";""
33;15;"8033/3";"Псевдосаркоматозный рак";""
34;15;"8034/3";"Полигональноклеточный рак";""
35;15;"8035/3";"Рак из остеокластоподобных гигантских клеток";""
36;15;"8040/0";"Микроопухоль, доброкачественная";""
37;15;"8040/1";"Микроопухоль, БДУ";""
38;15;"8041/3";"Мелкоклеточный рак, БДУ";"Мелкоклеточный рак легочного типа"
39;15;"8042/3";"Овсяноклеточный рак (С34._)";""
40;15;"8043/3";"Мелкоклеточный рак, веретеноклеточный";""
41;15;"8044/3";"Мелкоклеточный рак, гиперкальциемического типа";""
42;15;"8045/3";"Комбинированный мелкоклеточный рак";""
43;15;"8046/3";"Немелкоклеточный рак (С34._)";""
46;44;"8050/2";"Папиллярный рак in situ";""
47;44;"8050/3";"Папиллярный рак, БДУ";""
48;44;"8051/0";"Бородавчатая [веррукозная] папиллома";""
49;44;"8051/3";"Бородавчатый рак, БДУ";""
50;44;"8052/0";"Плоскоклеточная папиллома";""
51;44;"8052/2";"Папиллярный плоскоклеточный рак, неинвазивный";""
52;44;"8052/3";"Папиллярный плоскоклеточный рак";""
53;44;"8053/0";"Плоскоклеточная папиллома, инвертированная";""
54;44;"8060/0";"Плоскоклеточный папилломатоз";""
55;44;"8070/2";"Плоскоклеточный рак in situ, БДУ";""
593;592;"8890/0";"Лейомиома, БДУ";""
56;44;"8070/3";"Плоскоклеточный рак, БДУ";""
57;44;"8070/6";"Плоскоклеточный рак, метастатический, БДУ";""
58;44;"8071/3";"Кератоакантома";""
59;44;"8072/3";"Плоскоклеточный рак, крупноклеточный неороговевающий, БДУ";""
60;44;"8073/3";"Плоскоклеточный рак, мелкоклеточный, неороговевающий";""
61;44;"8074/3";"Псевдососудистый плоскоклеточный рак";""
62;44;"8075/3";"Плоскоклеточный рак, аденоидный";""
63;44;"8076/2";"Плоскоклеточный рак in situ с подозрением на инвазию стромы";""
64;44;"8076/3";"Плоскоклеточный рак микроинвазивный";""
65;44;"8077/0";"Интраэпителиальное поражение многослойного плоского эпителия низкой степени (злокачественности)";""
66;44;"8077/2";"Плоскоклеточная дисплазия, тяжелой степени";"Интраэпителиальное поражение многослойного плоского эпителия высокой степени (злокачественности); Плоскоклеточная интраэпителиальная неоплазия, Grade 2"
67;44;"8078/3";"Плоскоклеточный рак с ороговением";""
68;44;"8080/2";"Эритроплазия Кейра (С60._)";""
69;44;"8081/2";"Болезнь Боуэна (С44._)";""
70;44;"8082/3";"Лимфоэпителиальный рак";""
71;44;"8083/3";"Папиллярно-базалоидная карцинома";""
72;44;"8084/3";"Плоскоклеточный рак, светлоклеточный";""
74;73;"8090/1";"Базальноклеточная опухоль (С44._)";""
76;73;"8091/3";"Поверхностный базальноклеточный рак";"Мультифокальный поверхностный базальноклеточный рак"
77;73;"8092/3";"Инфильтративный базальноклеточный рак, БДУ (С44._)";""
78;73;"8093/3";"Базальноклеточный рак, фиброэпителиальный (С44._)";""
79;73;"8094/3";"Базально-плоскоклеточный рак (С44._)";""
622;618;"8932/0";"Аденомиома";""
80;73;"8095/3";"Метатипический рак (С44._)";""
81;73;"8096/0";"Интраэпидермальная эпителиома Ядассона (С44._)";""
82;73;"8097/3";"Базальноклеточный рак, нодулярная (узловая) форма (С44._)";""
83;73;"8098/3";"Аденоидная базалиома (С53._)";""
84;73;"8100/0";"Трихоэпителиома (С44._)";""
85;73;"8101/0";"Трихофолликулома(С44._)";""
86;73;"8102/0";"Трихолеммома (С44._)";""
87;73;"8102/3";"Трихолеммокарцинома (С44._)";""
88;73;"8103/0";"Опухоль наружного корневого влагалища волосяного фолликула (С44._)";""
89;73;"8110/0";"Пиломатрикома";"Пиломатриксома"
90;73;"8110/3";"Пиломатрикальная карцинома";"Пиломатрикальная карцинома"
92;91;"8120/0";"Уротелиальная папиллома, БДУ";"Переходно-клеточная папиллома, доброкачественная; папиллома мочевого пузыря"
94;91;"8120/2";"Уротелиальная карцинома in situ";"Переходноклеточная карцинома in situ"
95;91;"8120/3";"Плоско-переходноклеточная карцинома";""
96;91;"8121/0";"Синоназальная папиллома, экзофитная";"Шнейдерианова папиллома; Уротелиальная папиллома, инвернтированная; переходноклеточная папиллома, инвертированная"
97;91;"8121/1";"Синоназальная папиллома, инвертированная";"Синоназальная папиллома, онкоцитарная"
98;91;"8121/3";"Рак Шнейдера (С30.0, С31._)";""
99;91;"8122/3";"Уротелиальная карцинома, саркоматоидная";"Уротелиальная карцинома, веретноклеточная; переходноклеточная карцинома, веретеноклеточная"
100;91;"8123/3";"Базалиоидный рак";""
101;91;"8124/3";"Клоакогенный рак (С21.2)";""
102;91;"8130/1";"Папиллярная уротелиальная неоплазма с низким злокачественным потенциалом";"Папиллярная переходноклеточная неоплазма с низким злокачественным потенциалом"
103;91;"8130/2";"Папиллярная уротелиальная карцинома, неинвазивная";"Папиллярная переходноклеточная карцинома, неинвазивная"
104;91;"8130/3";"Папиллярный переходно-клеточный рак (С67._)";""
105;91;"8131/3";"Уротелиальная карцинома, микропапиллярная";"Переходноклеточная карцинома, микропапиллярная"
107;106;"8140/0";"Аденома, БДУ";""
108;106;"8140/1";"Атипичная аденома";""
109;106;"8140/2";"Аденокарцинома in situ, БДУ";""
110;106;"8140/3";"Аденокарцинома, обычный тип";"Карцинома желез Скина, Купера и Литре; опухоль эндолимфатического мешка; паращитовидная карцинома; ацинарная аденокарцинома предстательной железы"
111;106;"8140/6";"Аденокарцинома, метастатическая, БДУ";""
112;106;"8141/3";"Скиррозная аденокарцинома";""
113;106;"8142/3";"Пластический линит (С16._)";""
114;106;"8143/3";"Поверхностно распространяющаяся аденокарцинома";""
115;106;"8144/3";"Аденокарцинома, кишечная";"Муцинозная карцинома, кишечный тип"
116;106;"8145/3";"Рак, диффузный тип (С16._)";""
117;106;"8146/0";"Мономорфная аденома";""
118;106;"8147/0";"Базальноклеточная аденома";""
119;106;"8147/3";"Базальноклеточная аденокарцинома";""
120;106;"8148/0";"Интраэпителиальная неоплазия железистого эпителия низкой степени злокачественности";""
121;106;"8148/2";"Интраэпителиальная неоплазия железистого эпителия высокой степени злокачественности";""
122;106;"8149/0";"Канальцевая аденома";""
123;106;"8150/0";"Нейроэндокринная микроаденома поджелудочной железы";"Эндокринная опухоль поджелудочной железы, доброкачественная"
125;106;"8150/3";"Нейроэндокринная опухоль поджелудочной железы, нефункционирующая";"Эндокринная опухоль поджелудочной железы, БДУ; Аденома островковых клеток; аденоматоз из островковых клеток; незидиобластома; опухоль из островковых клеток, БДУ; аденокарцинома из островковых клеток; карцинома из островковых клеток"
127;106;"8151/3";"Инсулинома, БДУ";"Бета-клеточная аденома"
129;106;"8152/3";"Опухоль, продуцирующая глюкагоноподобный пептид";"L-клеточная опухоль; опухоль, продуцирующая панкреатический полипептид и панкреатический полипептид подобный белок; PP/PYY-продуцирующая опухоль"
159;106;"8201/2";"Криброзный рак in situ (С50._)";""
132;106;"8154/3";"Смешанная эндокринная и экзокринная опухоль поджелудочной железы, злокачественная (С25._)";""
134;106;"8155/3";"ВИПома, БДУ";""
136;106;"8156/3";"Соматостатинома, БДУ";""
138;106;"8160/0";"Аденома желчного протока (С22.1, С24.0)";""
139;106;"8160/3";"Холангиокарцинома (С22.1, С24.0)";""
140;106;"8161/0";"Цистаденома желчного протока (С22.1, С24.0)";""
141;106;"8161/3";"Цистаденокарцинома желчного протока (С22.1, С24.0)";""
142;106;"8162/3";"Опухоль Клацкина (С22.1, С24.0)";""
143;106;"8163/0";"Панкреатобилиарное новообразование, неинвазивное";""
144;106;"8163/2";"Папиллярное панкреатобилиарное новообразование с интраэпителиальной неоплазией высокой степени злокачественности (С24.1)";""
145;106;"8163/3";"Панкреатобилиарный рак (С24.1)";""
146;106;"8170/0";"Печеночно-клеточная аденома (С22.0)";""
147;106;"8170/3";"Гепатоцеллюлярный рак, БДУ (С22.0)";""
148;106;"8171/3";"Гепатоцеллюлярный рак, фиброламеллярный (С22.0)";""
149;106;"8172/3";"Гепатоцеллюлярный рак, скиррозный (С22.0)";""
150;106;"8173/3";"Гепатоцеллюлярный рак, веретеноклеточный вариант (С22.0)";""
151;106;"8174/3";"Гепатоцеллюлярный рак, светлоклеточный вариант (С22.0)";""
152;106;"8175/3";"Гепатоцеллюлярный рак, плеоморфный вариант (С22.0)";""
153;106;"8180/3";"Смешанный гепатоцеллюлярный рак и холангиокарцинома (С22.0)";""
154;106;"8190/0";"Трабекулярная аденома";""
155;106;"8190/3";"Трабекулярная аденокарцинома";""
156;106;"8191/0";"Эмбриональная аденома";""
157;106;"8200/0";"Эккринная кожная цилиндрома (С44._)";""
158;106;"8200/3";"Рак тимуса с чертами, напоминающими аденокистозный рак";""
160;106;"8201/3";"Криброзный рак, БДУ";""
161;106;"8202/0";"Микрокистозная аденома (С25._)";""
162;106;"8204/0";"Лактирующая аденома (С50._)";""
163;106;"8210/0";"Аденоматозный полип, БДУ";""
164;106;"8210/2";"Аденокарцинома in situ в аденоматозном полипе";""
165;106;"8210/3";"Аденокарцинома в аденоматозном полипе";""
166;106;"8211/0";"Тубулярная аденома, БДУ";""
167;106;"8211/3";"Тубулярная аденокарцинома";""
168;106;"8212/0";"Плоская аденома";""
169;106;"8213/0";"Зубчатая аденома, БДУ";"Сидячая зубчатая аденома, БДУ"
170;106;"8213/3";"Зубчатая аденокарцинома";""
171;106;"8214/3";"Париетально-клеточный рак (С16._)";""
172;106;"8215/3";"Аденокарцинома анальных желез (С21.1)";""
173;106;"8220/0";"Аденоматозный полипоз толстой кишки (С18._)";""
224;106;"8300/3";"Рак из базофильных клеток (С75.1)";""
174;106;"8220/3";"Аденокарцинома в аденоматозном полипе толстой кишки (С18._)";""
175;106;"8221/0";"Множественные аденоматозные полипы";""
176;106;"8221/3";"Аденокарцинома в множественных аденоматозных полипах";""
177;106;"8230/2";"Протоковая карцинома in situ, солидная (С50._)";""
178;106;"8230/3";"Солидная аденокарцинома, БДУ";""
179;106;"8231/3";"Простой рак (Carcinoma simplex)";""
181;106;"8240/3";"Нейроэндокринная опухоль, БДУ";"Карциноидная опухоль, БДУ; Нейроэндокринная карцинома низкой степени злокачественности; Нейроэндокринная карцинома, высокодифференцированная; нейроэндокринная опухоль, Grade 1; типичный карциноид"
185;106;"8243/3";"Карциноид из бокаловидных клеток";""
186;106;"8244/3";"Смешанные карциноид и аденокарцинома";""
187;106;"8245/1";"Тубулярный карциноид";""
188;106;"8245/3";"Аденокарциноидная опухоль";""
190;106;"8247/3";"Рак из клеток Меркеля (С44._)";""
191;106;"8248/1";"Апудома";""
192;106;"8249/3";"Нейроэндокринная опухоль, Grade 2";"Атичная карциноидная опухоль; нейроэндокринная опухоль, Grade 3"
193;106;"8250/1";"Аденоматоз легких (С34._)";""
194;106;"8250/3";"Аденокарцинома со стелющимся типом роста";""
195;106;"8251/0";"Альвеолярная аденома (С34._)";""
196;106;"8251/3";"Альвеолярная аденокарцинома (С34._)";""
197;106;"8252/3";"Бронхиоло-альвеолярный рак, немуцинозный (С34._)";""
198;106;"8253/3";"Аденокарцинома легого in situ, муцинозная";"Бронхиолоальвеолярный рак, муцинозный"
225;106;"8310/0";"Светлоклеточная аденома";""
199;106;"8254/3";"Аденокарцинома легкого смешанная: муцинозная и немуцинозная";""
200;106;"8255/3";"Аденокарцинома со смешанными подтипами";""
201;106;"8260/0";"Папиллярная аденома, БДУ";""
202;106;"8260/3";"Папиллярная аденокарцинома, БДУ";""
203;106;"8261/0";"Ворсинчатая аденома, БДУ";""
204;106;"8261/2";"Аденокарцинома in situ в ворсинчатой аденоме";""
205;106;"8261/3";"Аденокарцинома при ворсинчатой аденоме";""
206;106;"8262/3";"Ворсинчатая аденокарцинома";""
207;106;"8263/0";"Тубулярно-ворсинчатая аденома, БДУ";""
208;106;"8263/2";"Аденокарцинома in situ в тубулярно-ворсинчатой аденоме";""
209;106;"8263/3";"Виллогландулярная карцинома";"Виллогландулярный вариант эндометриоидной аденокарциномы"
210;106;"8264/0";"Папилломатоз, железистый";""
211;106;"8265/3";"Микропапиллярная аденокарцинома";""
212;106;"8270/0";"Хромофобная аденома (С75.1)";""
213;106;"8270/3";"Хромофобный рак (С75.1)";""
214;106;"8271/0";"Лактотрофная аденома";"Пролактинома"
215;106;"8272/0";"Кортикотрофная аденома";"Ноль-клеточная аденома; полигормональная аденома; гонадотрофная аденома; соматотрофная аденома; тиротрофная аденома; аденома гипофиза, эктопическая"
216;106;"8272/3";"Рак гипофиза, БДУ (С75.1)";""
217;106;"8280/0";"Ацидофильная аденома (С75.1)";""
218;106;"8280/3";"Рак из ацидофильных клеток (С75.1)";""
219;106;"8281/0";"Смешанная ацидофильно-базофильная аденома (С75.1)";""
220;106;"8281/3";"Смешанный ацидофильно-базофильный рак (С75.1)";""
221;106;"8290/0";"Оксифильная аденома";""
222;106;"8290/3";"Оксифильная аденокарцинома";""
223;106;"8300/0";"Базофильная аденома (С75.1)";""
226;106;"8310/3";"Светлоклеточный почечноклеточный рак";""
227;106;"8311/1";"Гипернефроидная опухоль [уст.]";""
228;106;"8312/3";"Почечноклеточный рак, неклассифицируемый";""
229;106;"8313/0";"Светлоклеточная аденофиброма (С56.9)";""
230;106;"8313/1";"Пограничная светлоклеточная опухоль";"Погранияная кистозная светлоклеточная опухоль; светлоклеточная опухоль, атипичная пролиферативная; пограничная светлоклеточная аденофиброма"
231;106;"8313/3";"Светлоклеточная аденокарцинофиброма (С56.9)";""
232;106;"8314/3";"Липид-секретирующий рак (С50._)";""
233;106;"8315/3";"Светлоклеточная карцинома богатая гликогеном";""
234;106;"8316/3";"Почечноклеточный рак, ассоциированный с приобретенной кистозной болезнью";"Тубулокистозный почечноклеточный рак"
235;106;"8317/3";"Почечно-клеточный рак, хромофобный (С64.9)";""
236;106;"8318/3";"Почечно-клеточный рак, саркомоподобный (С64.9)";""
237;106;"8319/3";"Рак собирательных трубочек почки (С64.9)";""
238;106;"8320/3";"Зернистоклеточный рак";""
239;106;"8321/0";"Аденома из главных клеток (С75.0)";""
240;106;"8322/0";"Водянисто-светлоклеточная аденома (С75.0)";""
241;106;"8322/3";"Водянисто-светлоклеточная аденокарцинома (С75.0)";""
242;106;"8323/0";"Смешанно-клеточная аденома";""
243;106;"8323/3";"Смешанно-клеточная аденокарцинома";""
244;106;"8324/0";"Липоаденома";""
245;106;"8325/0";"Метанефральная аденома (С64.9)";""
246;106;"8330/0";"Фолликулярная аденома, БДУ";""
247;106;"8330/1";"Атипичная фолликулярная аденома (С73.9)";""
248;106;"8330/3";"Фолликулярная карцинома, БДУ";"Фолликулярная аденокарцинома, БДУ"
249;106;"8331/3";"Фолликулярная аденокарцинома, высокодифференцированная (С73.9)";""
250;106;"8332/3";"Фолликулярная аденокарцинома, трабекулярная (С73.9)";""
251;106;"8333/0";"Микрофолликулярная аденома, БДУ (С73.9)";""
252;106;"8333/3";"Эмбриональная аденокарцинома";""
253;106;"8334/0";"Макрофолликулярная аденома (С73.9)";""
254;106;"8335/3";"Фолликулярный рак, минимально инвазивный (С73.9)";""
256;106;"8337/3";"Низкодифференцированный рак щитовидной железы";"Островковая карцинома"
257;106;"8340/3";"Папиллярная и фолликулярная аденокарцинома";"Папиллярная и фолликулярная карцинома"
258;106;"8341/3";"Папиллярная микрокарцинома (С73.9)";""
259;106;"8342/3";"Папиллярная карцинома, онкоцитарный вариант";"Папиллярная карцинома из оксифильных клеток"
260;106;"8343/3";"Папиллярный рак, инкапсулированный (С73.9)";""
261;106;"8344/3";"Папиллярный рак, цилиндроклеточный (С73.9)";""
263;106;"8346/3";"Смешанный медуллярно-фолликулярный рак (С73.9)";""
264;106;"8347/3";"Смешанный медуллярно-папиллярный рак (С73.9)";""
265;106;"8350/3";"Неинкапсулированный склерозируюший рак (С73.9)";""
266;106;"8360/1";"Полиэндокринный аденоматоз";""
267;106;"8361/0";"Юкстагломерулярная опухоль (С64.9)";""
268;106;"8370/0";"Аденома коры надпочечника, БДУ (С74.0)";""
269;106;"8370/3";"Рак коры надпочечника (С74.0)";""
270;106;"8371/0";"Аденома коры надпочечника, компактно-клеточная (С74.0)";""
271;106;"8372/0";"Аденома коры надпочечника, пигментированная (С74.0)";""
272;106;"8373/0";"Аденома коры надпочечника, светлоклеточная (С74.0)";""
273;106;"8374/0";"Аденома коры надпочечника, из клеток клубочковой зоны (С74.0)";""
274;106;"8375/0";"Аденома коры надпочечника, смешанно-клеточная (С74.0)";""
275;106;"8380/0";"Эндометриоидная аденома, БДУ";""
276;106;"8380/1";"Эндометриоидная аденома, пограничной злокачественности";""
277;106;"8380/3";"Эндометриоидная аденокарцинома, БДУ";""
278;106;"8381/0";"Эндометриоидная аденофиброма, БДУ";""
279;106;"8381/1";"Эндометриоидная аденофиброма, пограничной злокачественности";""
280;106;"8381/3";"Эндометриоидная аденофиброма, злокачественная";""
281;106;"8382/3";"Эндометриоидная аденокарцинома, секретирующий вариант";""
282;106;"8383/3";"Эндометриоидная аденокарцинома, из реснитчатых клеток";""
283;106;"8384/3";"Аденокарцинома, эндоцервикальная";""
285;284;"8390/0";"Аденома придатков кожи (С44._)";""
286;284;"8390/3";"Придатковая аденокарцинома, БДУ";"Карцинома придатков кожи"
287;284;"8391/0";"Фолликулярная фиброма (С44._)";""
288;284;"8392/0";"Сирингофиброаденома (С44._)";""
289;284;"8400/0";"Аденома потовой железы (С44._)";""
290;284;"8400/1";"Опухоль потовой железы, БДУ (С44._)";""
291;284;"8400/3";"Аденокарцинома потовой железы (С44._)";""
292;284;"8401/0";"Апокринная аденома";""
293;284;"8401/3";"Апокринная аденокарцинома";""
294;284;"8402/0";"Гидраденома";"Узловая гидраденома"
295;284;"8402/3";"Гидраденокарцинома";"Узловая гидраденома, злокачественная"
296;284;"8403/0";"Спираденома, БДУ";"Эккринная спираденома"
297;284;"8403/3";"Злокачественная эккринная спираденома (С44._)";""
298;284;"8404/0";"Гидроцистома (С44._)";""
299;284;"8405/0";"Папиллярная гидраденома";""
487;478;"8725/0";"Нейроневус (С44._)";""
300;284;"8406/0";"Сосочковая сирингоцистаденома";"Сосочковая сирингаденома"
301;284;"8407/0";"Сирингома, БДУ (С44._)";""
302;284;"8407/3";"Микрокистозная придатковая карцинома";"Склерозирующая карцинома потовых желез"
303;284;"8408/0";"Эккринная папиллярная аденома (С44._)";""
305;284;"8408/3";"Папиллярная аденокарцинома пальцев";"Агрессивная папиллярная аденома пальцев; эккринная сосочковая аденокарцинома"
306;284;"8409/0";"Эккринная порома (С44._)";""
307;284;"8409/3";"Порокарцинома, БДУ";"Эккринная порома, злокачественная"
308;284;"8410/0";"Себацеома";"Себоцейная аденома"
309;284;"8410/3";"Себоцейная карцинома";"Собоцейная аденокарцинома"
310;284;"8413/3";"Эккринная аденокарцинома (С44._)";""
311;284;"8420/0";"Аденома серных желез (С44.2)";""
312;284;"8420/3";"Аденокарцинома серных желез (С44.2)";""
314;313;"8430/1";"Мукоэпидермоидная опухоль [уст.]";""
315;313;"8430/3";"Мукоэпидермоидный рак";""
317;316;"8440/0";"Цистаденома, БДУ";""
318;316;"8440/3";"Цистаденокарцинома, БДУ";""
319;316;"8441/0";"Сосочковая серозная цистаденома, БДУ";""
320;316;"8441/3";"Серозняа карцинома, БДУ";"Серозная цистааденокарцинома, БДУ; серозная папиллярная аденокарцинома, БДУ; Папиллярная серозная цистаденокарцинома; Папиллярная серозная аденокарцинома; папиллярная карцинома серозных оболочек"
321;316;"8442/1";"Пограничная серозная опухоль, БДУ";"Серозная опухоль, атипическая пролиферативная ; серозняа цистаденома, пограничная; пограничная серозняа папиллярная кистозная опухоль; атипическая пролиферативная папиллярная серозная опухоль; папиллярная серозная цистаденома, пограничная; папиллярная серозная опухоль с низким злокачественным потенциалом; пограничная папиллярная опухоль серозных оболочек"
322;316;"8443/0";"Светлоклеточная цистаденома (С56.9)";""
324;316;"8450/0";"Папиллярная цистаденома, БДУ (С56.9)";""
325;316;"8450/3";"Папиллярная цистаденокарцинома, БДУ (С56.9)";""
352;316;"8490/3";"Перстневидно-клеточный рак";""
326;316;"8451/1";"Папиллярная цистаденома, пограничной злокачественности (С56.9)";""
327;316;"8452/1";"Солидная псевдопапиллярная опухоль яичника";""
328;316;"8452/3";"Солидная псевдопапиллярная опухоль поджелудочной железы";"Солидная псевдопапиллярная карцинома"
330;316;"8453/2";"Внутрипротоковый папиллярно-муцинозный рак, неинвазивный (С25._)";""
331;316;"8453/3";"Внутрипротоковый папиллярно-муцинозный рак, инвазивный (С25._)";""
332;316;"8454/0";"Кистозная опухоль атриовентрикулярного узла (С38.0)";""
334;316;"8460/3";"Папиллярная серозная цистаденокарцинома (С56.9)";""
335;316;"8461/0";"Серозная поверхностная папиллома (С56.9)";""
336;316;"8461/3";"High-grade серозная карцинома";""
339;316;"8470/0";"Папиллярная муцинозная цистаденома, БДУ";"Папиллярная псевдомуцинозная цистаденома, БДУ"
340;316;"8470/2";"Муцинозная кистозная опухоль с дисплазией тяжелой степени";"Муцинозная цистаденокарцинома, неинвазивная"
341;316;"8470/3";"Муцинозная цистаденокарцинома, БДУ (С56.9)";""
344;316;"8472/1";"Папиллярная муцинозаня цистаденома, пограничная";"Папиллярная псевдомуцинозная цистаденома, пограничная; папиллярная муцинозная опухоль с низким злокачественным потенциалом"
346;316;"8480/0";"Муцинозная аденома";""
347;316;"8480/1";"Муцинозное новообразование червеобразного отростка (аппендикса) низкой степени злокачественности (С18.1)";""
348;316;"8480/3";"Муцинозная тубулярная и веретеноклеточная карцинома";""
349;316;"8480/6";"Псевдомиксома брюшины";""
350;316;"8481/3";"Слизеобразующая аденокарцинома";""
351;316;"8482/3";"Муцинозная аденокарцинома, желудочного типа";"Муцинозная аденокарцинома, эндоцервикального типа"
353;316;"8490/6";"Метастатический перстневидно-клеточный рак";""
355;354;"8500/2";"Кистозная гиперсекреторная карцинома, внутрипротоковая";""
356;354;"8500/3";"Инвазивный рак молочной железы неспецифицированный";"Базально-подобный рак молочной железы; аденокарцинома по типу карциномы молочной железы; аденокарцинома аногенитальных желез млечного типа"
357;354;"8501/2";"Комедокарцинома, неинфильтрирующая (С50._)";""
358;354;"8501/3";"Комедокарцинома, БДУ (С50._)";""
359;354;"8502/3";"Секреторный рак молочной железы (С50._)";""
360;354;"8503/0";"Внутрипротоковая папиллома";""
361;354;"8503/2";"Внутрипротоковая папиллома с DCIS (дуктальнйо карциномой in situ)";"Внутрипротоковая тубулопапиллярная опухоль"
362;354;"8503/3";"Внутрипротоковая папиллярная аденокарцинома с инвазией (С50._)";""
363;354;"8504/0";"Внутрикистозная папиллярная аденома";""
364;354;"8504/2";"Инкапсулированная папиллярная карцинома";"Неинфильтрирующая внутрикистозная карцинома; Внутрикистозная папиллярная карцинома; Внутрикистозная папиллярная карцинома; внутрикистозная карцинома, БДУ; внутрикистозная папиллярная аденокарцинома"
365;354;"8504/3";"Инкапусалированная папиллярная карцинома с инвазией";"Внутрикистозная папиллярная карцинома с инвазией"
366;354;"8505/0";"Внутрипротоковый папилломатоз, БДУ";""
367;354;"8506/0";"Àденома соска (С50._)";""
368;354;"8507/2";"Внутрипротоковый микропапиллярный рак (С50._)";""
369;354;"8508/3";"Кистозный гиперсекреторный рак (С50._)";""
370;354;"8510/3";"Медуллярноподобная карцинома";""
371;354;"8512/3";"Медуллярный рак с лимфоидной стромой";""
372;354;"8513/3";"Атипичный медуллярный рак (С50._)";""
373;354;"8514/3";"Протоковый рак, десмопластический тип";""
374;354;"8520/2";"Долькова карцинома in situ, классическая";"Внутрипротоковая папиллома с дольковой карциномой in situ"
376;354;"8521/3";"Инфильтрирующий дуктулярный рак (С50._)";""
377;354;"8522/2";"Внутрипротоковый рак и дольковая карцинома in situ (С50._)";""
378;354;"8522/3";"Инфильтрирующий протоковый и дольковый рак (С50._)";""
379;354;"8523/3";"Инфильтрирующий протоковый рак в сочетании с другими формами рака (С50._)";""
380;354;"8524/3";"Инфильтрирующий дольковый рак в сочетании с другими формами рака (С50._)";""
381;354;"8525/3";"Полиморфная аденокарцинома низкой степени злокачественности";""
382;354;"8530/3";"Воспалительный рак (С50._)";""
383;354;"8540/3";"Болезнь Педжета соска";""
384;354;"8541/3";"Болезнь Педжета и инфильтрирующий протоковый рак молочной железы (С50._)";""
385;354;"8542/3";"Болезнь Педжета, экстрамаммарная (за исключением болезни Педжета костей)";""
386;354;"8543/3";"Болезнь Педжета и внутрипротоковый рак молочной железы (С50._)";""
388;387;"8550/0";"Ацинарно-клеточная аденома";""
389;387;"8550/1";"Ацинарно-клеточная опухоль [уст.]";""
390;387;"8550/3";"Ацинарно-клеточный рак";""
391;387;"8551/3";"Ацинарная аденокарцинома легкого";""
392;387;"8552/3";"Смешанный ацинарно-протоковый рак";""
394;387;"8560/0";"Смешанная плоскоклеточно-железистая папиллома";""
395;387;"8560/3";"Железисто-плоскоклеточный рак";""
396;387;"8561/0";"Аденолимфома (С07._, С08._ )";""
397;387;"8562/3";"Эпителиально-миоэпителиальный рак";""
398;387;"8570/3";"Эндометриоидная карцинома с плоскоклеточной дифференцировкой";""
399;387;"8571/3";"Аденокарцинома с хондроидной дифференцировкой";""
400;387;"8572/3";"Ацинарная аденокарцинома, саркоматоидный вариант";"Фиброматоз-подобная метапластическая карцинома"
401;387;"8573/3";"Аденокарцинома с апокринной метаплазией";""
402;387;"8574/3";"Аденокарцинома смешанная с нейроэндокринным раком";""
403;387;"8575/3";"Метапластический рак, БДУ";""
404;387;"8576/3";"Гепатоидная аденокарцинома";""
406;405;"8580/0";"Микроскопическая тимома";"Тимома, доброкачественная"
407;405;"8580/1";"Микронодулярная тимома с лимфоидной стромой";""
408;405;"8580/3";"Тимома, БДУ";"Внутрилегочная тимома; склерозирующая тимома; метапластическая тимома"
410;405;"8581/3";"Тимома, тип А";"Тимома, медуллярная; тимома, веретноклеточная"
412;405;"8582/3";"Тимома, тип АВ";"Тимома, смешанный тип"
414;405;"8583/3";"Тимома, тип В1";"Тимома, богатая лимфоцитами; тимома, лимфоцитарная; тимома, органоидная; тимома, преимущественно кортикальная"
416;405;"8584/3";"Тимома, тип В2";"Тимома, кортикальная"
419;405;"8586/3";"Рак вилочковой железы (тимуса), БДУ (С37.9)";""
420;405;"8587/0";"Эктопическая гамартоматозная тимома";""
421;405;"8588/3";"Веретеноклеточная эпителиальная опухоль с тимус-подобной дифференцировкой";""
422;405;"8589/3";"Тимическая карцинома щитовидной железы";"Карцинома с тимус-подобными элементами"
424;423;"8590/1";"Стромальная опухоль полового тяжа, БДУ";""
425;423;"8591/1";"Стромальная опухоль полового тяжа, не полностью дифференцированная";""
426;423;"8592/1";"Стромальная опухоль полового тяжа, смешанные формы";""
427;423;"8593/1";"Стромальная опухоль с минимальными элементами полового тяжа (С56.9)";""
428;423;"8600/0";"Текома, БДУ (С56.9)";""
429;423;"8600/3";"Текома, злокачественная (С56.9)";""
430;423;"8601/0";"Текома, лютеинизированная (С56.9)";""
431;423;"8602/0";"Склерозирующая стромальная опухоль (С56.9)";""
432;423;"8610/0";"Лютеома, БДУ (С56.9)";""
433;423;"8620/1";"Гранулезоклеточная опухоль яичка взрослого типа";"Гранулезоклеточная опухоль яичка, БДУ"
434;423;"8620/3";"Гранулезоклеточная опухоль яичника взрослого типа";"Гранулезоклеточная опухоль, взрослого типа"
435;423;"8621/1";"Гранулезо-текаклеточная опухоль (С56.9)";""
436;423;"8622/1";"Гранулезоклеточная опухоль, ювенильная (С56.9)";""
437;423;"8623/1";"Опухоль полового тяжа с кольцевыми трубками (С56.9)";""
438;423;"8630/0";"Андробластома, доброкачественная";""
439;423;"8630/1";"Андробластома, БДУ";""
440;423;"8630/3";"Андробластома, злокачественная";""
441;423;"8631/0";"Опухоль из клеток Сертоли-Лейдига, высокодифференцированная";""
442;423;"8631/1";"Опухоль из клеток Сертоли-Лейдига промежуточной дифференцировки";""
443;423;"8631/3";"Опухоль из клеток Сертоли-Лейдига, низкодифференцированная";""
444;423;"8632/1";"Гинандробластома (С56.9)";""
445;423;"8633/1";"Опухоль из клеток Сертоли-Лейдига, сетевидная";""
446;423;"8634/1";"Опухоль из клеток Сертоли-Лейдига, промежуточной дифференцировки, с гетерологичными элементами";""
447;423;"8634/3";"Опухоль из клеток Сертоли-Лейдига, низкодифференцированная, с гетерологичными элементами";""
448;423;"8640/1";"Сертоли-клеточная опухоль, БДУ";""
449;423;"8640/3";"Сертоли-клеточный рак (С62._)";""
450;423;"8641/0";"Сертоли-клеточная опухоль с накоплением липидов";""
451;423;"8642/1";"Крупноклеточная обызвествленная Сертоли-клеточная опухоль";""
452;423;"8650/0";"Лейдиго-клеточная опухоль, доброкачественная (С62._)";""
453;423;"8650/1";"Лейдиго-клеточная опухоль, БДУ (С62._)";""
454;423;"8650/3";"Лейдиго-клеточная опухоль, злокачественная (С62._)";""
455;423;"8660/0";"Опухоль из хилюсных клеток (С56.9)";""
456;423;"8670/0";"Липидно-клеточная опухоль яичника (С56.9)";""
457;423;"8670/3";"Стероидно-клеточная опухоль, злокачественная";""
458;423;"8671/0";"Опухоль из остатков надпочечниковой ткани";""
462;459;"8680/3";"Параганглиома, БДУ";""
465;459;"8683/0";"Ганглиоцитарная параганглиома (С17.0)";""
470;459;"8693/3";"Экстраадренальная параганглиома, БДУ";"Нехромафинная парагнаглиома, БДУ; хемодектома; композитная параганглиома; гортанная параганглиома; влагалищная парагнаглиома"
473;459;"8710/3";"Гломангиосаркома";""
474;459;"8711/0";"Гломусная опухоль, БДУ";""
475;459;"8711/3";"Гломусная опухоль, злокачественная";""
476;459;"8712/0";"Гломангиома";""
477;459;"8713/0";"Гломангиомиома";""
591;570;"8881/0";"Липобластоматоз";""
479;478;"8720/0";"Nevus spilus (крапчатый лентигинозный невус)";"Невус Мийерсона; глубокий пенетрирующий невус; комбинированный невус; генитальный невус; конюнктивальный невус"
480;478;"8720/2";"Меланома in situ";""
481;478;"8720/3";"Невоидная меланома";"Меланома мягких мозговых оболочек"
482;478;"8721/3";"Узловая меланома (С44._)";""
483;478;"8722/0";"Балонноклеточный невус (С44._)";""
484;478;"8722/3";"Балонноклеточная меланома (С44._)";""
485;478;"8723/0";"Галоневус";""
486;478;"8723/3";"Злокачественная меланома, регрессирующая (С44._)";""
488;478;"8726/0";"Гигантоклеточный невус (С69.4)";""
489;478;"8727/0";"Диспластический невус (С44._)";""
490;478;"8728/0";"Меланоцитоз мягких мозговых оболочек";"Диффузный меланоцитоз"
491;478;"8728/1";"Менингеальная меланоцитома (С70.9)";""
492;478;"8728/3";"Менингеальный меланоматоз (С70.9)";""
493;478;"8730/0";"Беспигментный невус (С44._)";""
494;478;"8730/3";"Амеланотическая меланома (С44._)";""
495;478;"8740/0";"Пограничный невус, БДУ (С44._)";""
496;478;"8740/3";"Злокачественная меланома при пограничном невусе (С44._)";""
497;478;"8741/2";"Предраковый меланоз, БДУ (С44._)";""
498;478;"8741/3";"Злокачественная меланома при предраковом меланозе (С44._)";""
499;478;"8742/2";"Злокачественное лентиго (С44._)";""
500;478;"8742/3";"Лентиго-меланома (С44._)";""
501;478;"8743/3";"Меланома, ассоциированная с низким уровнем кумулятивного солярного поврежедния";"Поверхностнораспространяющаяся меланома"
502;478;"8744/3";"Акральная меланома";"Акральная лентигинозная меланома, злокачественная"
503;478;"8745/3";"Десмопластическая меланома, злокачественная (С44._)";""
504;478;"8746/3";"Лентигинозная меланома слизистых оболочек";""
505;478;"8750/0";"Дермальный невус";"Интрадермальный (внутрикожный) невус; стромальный невус"
506;478;"8760/0";"Сложный невус (С44._)";""
507;478;"8761/0";"Врожденный меланоцитарный невус, БДУ";""
508;478;"8761/1";"Гигантский пигментный невус, БДУ (С44._)";""
509;478;"8761/3";"Злокачественная меланома, возникшая в гигантском врожеденном невусе";"Злокачественная меланома в гиганстком пигментном невусе"
510;478;"8762/1";"Пролиферативное поражение кожи при врожденном невусе (С44._)";""
539;532;"8812/3";"Периостальная фибросаркома (С40._, С41._ )";""
511;478;"8770/0";"Невус Шпиц (Спиц), атипический";"Пигментный веретеноклеточный невус Шпиц (Спиц)"
512;478;"8770/3";"Злокачественная опухоль Шпиц (Спиц)";"Смешанная эпителиоидно- и веретеноклеточная меланома"
513;478;"8771/0";"Эпителиоидноклеточный невус (С44._)";""
514;478;"8771/3";"Эпителиоидноклеточная меланома";""
515;478;"8772/0";"Веретеноклеточный невус, БДУ (С44._)";""
516;478;"8772/3";"Веретеноклеточная меланома, БДУ";""
517;478;"8773/3";"Веретеноклеточная меланома, тип A (С69._)";""
518;478;"8774/3";"Веретеноклеточная меланома, тип B (С69._)";""
519;478;"8780/0";"Голубой невус, БДУ (С69._)";""
520;478;"8780/3";"Меланома, возникшая в голубом невусе";""
521;478;"8790/0";"Клеточный голубой невус (С44._)";""
523;522;"8800/0";"Опухоль мягких тканей, доброкачественная";""
524;522;"8800/3";"Саркома, БДУ";""
525;522;"8800/9";"Саркоматоз, БДУ";""
526;522;"8801/3";"Веретенколеточная сарокма, недифференцированная";""
527;522;"8802/3";"Полиморфноклеточная саркома, недифференцированная";"Плеоморфная саркома; плеоморфная дермальная саркома"
528;522;"8803/3";"Круглоклеточная саркома, недифференцированная";""
529;522;"8804/3";"Эпителиоидная саркома, недифференцирвоанная";""
530;522;"8805/3";"Недифференцированная саркома";""
531;522;"8806/3";"Десмопластическая мелко-круглоклеточная опухоль";""
533;532;"8810/0";"Фиброма, БДУ";""
534;532;"8810/1";"Клеточная фиброма (С56.9)";""
535;532;"8810/3";"Фибросаркома, БДУ";""
536;532;"8811/0";"Фибромиксома";""
537;532;"8811/3";"Миксофибросаркома";"Фибромиксосаркома"
538;532;"8812/0";"Периостальная фиброма (С40._, С41._ )";""
540;532;"8813/0";"Фиброма сухожильного влагалища";"Фасциальная фиброма"
541;532;"8813/3";"Фасциальная фибросаркома";""
542;532;"8814/3";"Инфантильная фибросаркома";""
544;532;"8815/3";"Солитарная фиброзная опухоль/геменгиоперицитома, Grade 3";"Гемангиоперицитома, злокачественная"
545;532;"8820/0";"Эластофиброма";""
546;532;"8821/1";"Агрессивный фиброматоз";""
547;532;"8822/1";"Абдоминальный фиброматоз";""
548;532;"8823/0";"Склеротическая фиброма";""
549;532;"8824/0";"Дерматомиофиброма";"Миоперицитома"
550;532;"8824/1";"Миофиброматоз";""
551;532;"8825/0";"Миофибробластома";""
552;532;"8825/1";"Миофибробластическая опухоль, БДУ";""
553;532;"8826/0";"Ангиомиофибробластома";""
554;532;"8827/1";"Миофибробластическая опухоль, перибронхиальная (С34._)";""
555;532;"8830/0";"Эпителиоидная фиброзная гистиоцитома";""
556;532;"8830/1";"Атипичная фиброзная гистиоцитома";""
557;532;"8830/3";"Недифференцированная плеоморфная саркома кости высокой степени злокачественности";""
558;532;"8831/0";"Гистиоцитома, БДУ";""
559;532;"8832/0";"Склерозирующая пневмоцитома";"Плеоморфная фиброма"
560;532;"8832/3";"Выбухающая дерматофибросаркома, фибросаркоматозная";"Дерматофибросаркома, саркоматозная"
562;532;"8834/1";"Гигантоклеточная фибробластома";""
563;532;"8835/1";"Плексиформная фиброгистиоцитарная опухоль";""
564;532;"8836/1";"Ангиоматозная фиброзная гистиоцитома";""
566;565;"8840/0";"Миксома, БДУ";""
567;565;"8840/3";"Фибромиксоидная саркома низкой степени злокачественности";"Склерозирующпя эпителиоидная фибросаркома"
569;565;"8842/0";"Оссифицирующая фибромиксоидная опухоль";""
571;570;"8850/0";"Липома, БДУ";""
572;570;"8850/1";"Атипичная липома";""
573;570;"8850/3";"Липосаркома, БДУ";""
574;570;"8851/0";"Фибролипома";""
575;570;"8851/3";"Липосаркома, высокодифференцированная, БДУ";""
576;570;"8852/0";"Фибромиксолипома";""
577;570;"8852/3";"Миксоидная липосаркома";""
578;570;"8853/3";"Круглоклеточная липосаркома";""
579;570;"8854/0";"Плеоморфная липома";""
580;570;"8854/3";"Плеоморфная липосаркома";""
581;570;"8855/3";"Смешанная липосаркома";""
582;570;"8856/0";"Внутримышечная липома";""
583;570;"8857/0";"Веретеноклеточная липома";""
584;570;"8857/3";"Фибробластическая липосаркома";""
585;570;"8858/3";"Дедифференцированная липосаркома";""
586;570;"8860/0";"Ангиомиолипома";""
587;570;"8861/0";"Ангиолипома, БДУ";""
588;570;"8862/0";"Хондроидная липома";""
589;570;"8870/0";"Миелолипома";""
590;570;"8880/0";"Гибернома";""
594;592;"8890/1";"Лейомиоматоз, БДУ";""
595;592;"8890/3";"Лейомиосаркома, БДУ";""
596;592;"8891/0";"Эпителиоидная лейомиома";""
597;592;"8891/3";"Эпителиоидная лейомиосаркома";""
598;592;"8892/0";"Клеточная лейомиома";""
599;592;"8893/0";"Причудливая лейомиома";""
600;592;"8894/0";"Ангиолейомиома";"Ангиомиома"
601;592;"8894/3";"Ангиомиосаркома";""
602;592;"8895/0";"Миома";""
603;592;"8895/3";"Миосаркома";""
604;592;"8896/3";"Миксоидная лейомиосаркома";""
605;592;"8897/1";"Гладкомышечная опухоль с неопределенным потенциалом злокачественности";""
606;592;"8898/1";"Метастазирующая лейомиома";""
607;592;"8900/0";"Рабдомиома, БДУ";""
608;592;"8900/3";"Рабдомиосаркома, БДУ";""
609;592;"8901/3";"Плеоморфная рабдомиосаркома, взрослый тип";""
610;592;"8902/3";"Рабдомиосаркома смешанного типа";""
611;592;"8903/0";"Фетальная рабдомиома";""
612;592;"8904/0";"Клеточная рабдомиома взрослых";"Рабдомиома взрослых"
613;592;"8905/0";"Генитальная рабдомиома (С51._, С52.9)";""
614;592;"8910/3";"Эмбриональная рабдомиосаркома, БДУ";""
615;592;"8912/3";"Склерозирующая рабдомиосаркома";"Рабдомиосаркома, веретеноклеточная/склерозирующая"
616;592;"8920/3";"Альвеолярная рабдомиосаркома";""
617;592;"8921/3";"Эктомезенхимома";"Рабдомиосаркома с ганглиозной дифференцировкой"
619;618;"8930/0";"Эндометриальный стромальный узел (С54.1)";""
620;618;"8930/3";"Эндометриальная стромальная саркома (С54.1)";""
621;618;"8931/3";"Эндометриальная стромальная саркома низкой степени злокачественности (С54.1)";""
623;618;"8933/3";"Аденосаркома";""
624;618;"8934/3";"Карцинофиброма";""
625;618;"8935/0";"Стромальная опухоль, доброкачественная";""
626;618;"8935/1";"Стромальная опухоль, БДУ";""
627;618;"8935/3";"Стромальная саркома, БДУ";""
630;618;"8936/3";"Гастроинтестинальная стромальная опухоль";"Гастроинтестинальная стромальная саркома; гастроинтестинальная опухоль автономных нервов; GANT; гастроинтестинальная опухоль пейсмекерных клеток"
631;618;"8940/0";"Плеоморфная аденома";""
632;618;"8940/3";"Смешанная опухоль, злокачественная, БДУ";""
633;618;"8941/3";"Карцинома из плеоморфной аденомы";"Карцинома в плеоморфной аденоме"
634;618;"8950/3";"Мюллеровская смешанная опухоль (С54._)";""
635;618;"8951/3";"Мезодермальная смешанная опухоль";""
636;618;"8959/0";"Доброкачественная кистозная нефрома (С64.9)";""
637;618;"8959/1";"Кистозная частично дифференцированная нефробластома (С64.9)";""
638;618;"8959/3";"Злокачественная кистозная нефрома (С64.9)";""
639;618;"8960/1";"Мезобластическая нефрома";""
640;618;"8960/3";"Нефробластома, БДУ (С64.9)";""
641;618;"8963/3";"Рабдоидная опухоль, БДУ";"Злокачественная рабдоидная опухоль"
642;618;"8964/3";"Светлоклеточная саркома почки (С64.9)";""
644;618;"8966/0";"Медуллярная фиброма";""
645;618;"8967/0";"Оссифицирующая опухоль почки (С64.9)";""
646;618;"8970/3";"Гепатобластома (С22.0)";""
647;618;"8971/3";"Панкреатобластома (С25._)";""
648;618;"8972/3";"Легочная бластома (С34._)";""
649;618;"8973/3";"Плевролегочная бластома";""
650;618;"8974/1";"Сиалобластома";""
651;618;"8975/1";"Кальцифицирующая гнезданая стромально-эпителиальная опухоль";""
652;618;"8980/3";"Карциносаркома, БДУ";""
767;761;"9174/0";"Лимфангиомиома";""
653;618;"8981/3";"Карциносаркома, эмбриональная";""
654;618;"8982/0";"Миоэпителиома";""
655;618;"8982/3";"Миоэпителиальная карцинома";"Злокачественная миоэпителиоима"
656;618;"8983/0";"Аденомиоэпителиома, доброкачественная";""
657;618;"8990/0";"Фосфатурическая мезенхимальная опухоль, доброкачественная";"Фосфатурическая мезенхимальная опухоль, БДУ"
658;618;"8990/1";"Примитивная ненейральная гранулярноклеточная опухоль";""
659;618;"8990/3";"Фосфатурическая мезенхимальная опухоль, злокачественная";""
660;618;"8991/3";"Эмбриональная саркома, БДУ";""
662;661;"9000/0";"Опухоль Бреннера, БДУ (С56.9)";""
663;661;"9000/1";"Опухоль Бреннера пограничной злокачественности (С56.9)";""
664;661;"9000/3";"Опухоль Бреннера, злокачественная (С56.9)";""
665;661;"9010/0";"Липофиброаденома";""
666;661;"9011/0";"Интраканаликулярная фиброаденома (С50._)";""
667;661;"9012/0";"Периканаликулярная фиброаденома (С50._)";""
668;661;"9013/0";"Метанефральная аденофиброма";"Нефрогенная аденофиброма"
669;661;"9014/0";"Серомуцинозная аденофиброма";""
670;661;"9014/1";"Серозная аденофиброма пограничной злокачественности";""
671;661;"9014/3";"Серозная аденокарцинофиброма";""
672;661;"9015/0";"Муцинозная аденофиброма, БДУ";""
673;661;"9015/1";"Муцинозная аденофиброма пограничной злокачественности";""
674;661;"9015/3";"Муцинозная аденокарцинофиброма";""
675;661;"9016/0";"Гигантская фиброаденома (С50._)";""
676;661;"9020/0";"Листовидная (филлоидная) опухоль, доброкачественная (С50._)";""
677;661;"9020/1";"Листовидная (филлоидная) опухоль пограничная (С50._)";""
823;812;"9282/0";"Сложная одонтома";""
678;661;"9020/3";"Перидуктальная стромальная опухоль, низкой степени злокачественности";""
679;661;"9030/0";"Ювенильная фиброаденома (С50._)";""
681;680;"9040/0";"Синовиома, доброкачественная";""
682;680;"9040/3";"Синовиальная саркома, БДУ";""
683;680;"9041/3";"Синовиальная саркома, веретеноклеточная";""
684;680;"9042/3";"Синовиальная саркома, эпителиоидно-клеточная";""
685;680;"9043/3";"Синовиальная саркома, бифазная";""
686;680;"9044/3";"Злокачественная меланома мягких тканей";""
688;687;"9050/0";"Мезотелиома, доброкачественная";""
689;687;"9050/3";"Мезотелиома, злокачественная";""
690;687;"9051/0";"Фиброзная мезотелиома, доброкачественная";""
691;687;"9051/3";"Фиброзная мезотелиома, злокачественная";""
692;687;"9052/0";"Эпителиоидная мезотелиома, доброкачественная";""
693;687;"9052/3";"Эпителиоидная мезотелиома, злокачественная";""
694;687;"9053/3";"Мезотелиома, бифазная, злокачественная";""
695;687;"9054/0";"Аденоматоидная опухоль, БДУ";""
696;687;"9055/0";"Перитонеальная инклюзионная киста";"Мультикистозная мезотелиома, доброкачественная; кистозная мезотелиома"
699;698;"9060/3";"Дисгерминома";""
700;698;"9061/3";"Семинома, БДУ (С62._)";""
701;698;"9062/3";"Семинома, анапластическая (С62._)";""
702;698;"9063/3";"Сперматоцитарная семинома (С62._)";""
703;698;"9064/2";"Внутриканальцевые (интратубулярные) злокачественные зародышевые клетки (С62._)";""
704;698;"9064/3";"Герминома";""
766;761;"9173/0";"Кистозная лимфангиома";""
705;698;"9065/3";"Герминогенная опухоль, несеминомная (С62._)";""
706;698;"9070/3";"Эмбриональный рак, БДУ";""
707;698;"9071/3";"Опухоль желточного мешка";""
708;698;"9072/3";"Полиэмбриома";""
709;698;"9073/1";"Гонадобластома";""
710;698;"9080/0";"Тератома, доброкачественная";""
711;698;"9080/1";"Герминальноклеточная опухоль, регрессировавшая";"Незрелая тератома легкого; незрелая тератома тимуса; незрелая тератома щитовидной железы"
831;812;"9311/0";"Одонтоамелобластома";""
712;698;"9080/3";"Тератома, злокачественная, БДУ";""
713;698;"9081/3";"Тератокарцинома";""
714;698;"9082/3";"Злокачественная тератома, недифференцированная";""
715;698;"9083/3";"Злокачественная тератома, промежуточная";""
716;698;"9084/0";"Дермоидная киста, БДУ";""
717;698;"9084/3";"Тератома со злокачественной трансформацией";""
718;698;"9085/3";"Смешанная герминогенная опухоль";""
719;698;"9090/0";"Струма яичника, БДУ (С56.9)";""
720;698;"9090/3";"Струма яичника, злокачественная (С56.9)";""
721;698;"9091/1";"Струмальный карциноид (С56.9)";""
723;722;"9100/0";"Пузырный занос, БДУ (С58.9)";""
724;722;"9100/1";"Инвазивный пузырный занос (С58.9)";""
725;722;"9100/3";"Хориокарцинома, БДУ";""
726;722;"9101/3";"Хориокарцинома в сочетании с другими герминогенными опухолями";""
727;722;"9102/3";"Злокачественная тератома, трофобластическая";""
728;722;"9103/0";"Частичный пузырный занос (С58.9)";""
729;722;"9104/1";"Плацентарная трофобластическая опухоль (С58.9)";""
730;722;"9105/3";"Трофобластическая опухоль, эпителиоидная";""
732;731;"9110/0";"Аденома сети яичника";"Мезонефрома, доброкачественная"
733;731;"9110/1";"Вольфова опухоль";"Мезонефральная опухоль, БДУ"
734;731;"9110/3";"Аденокарцинома сети яичника";""
736;735;"9120/0";"Гемангиома, БДУ";""
737;735;"9120/3";"Гемангиосаркома";""
738;735;"9121/0";"Кавернозная гемангиома";""
739;735;"9122/0";"Венозная гемангиома";""
740;735;"9123/0";"Ветвистая (рацемозная) гемангиома";""
741;735;"9124/3";"Саркома из клеток Купфера (С22.0)";""
742;735;"9125/0";"Эпителиоидная гемангиома";""
743;735;"9130/0";"Гемангиоэндотелиома, доброкачественная";""
744;735;"9130/1";"Гемангиоэндотелиома, БДУ";""
745;735;"9130/3";"Гемангиоэндотелиома, злокачественная";""
746;735;"9131/0";"Капиллярная гемангиома";""
747;735;"9132/0";"Внутримышечная гемангиома";""
749;735;"9133/3";"Эпителиоидная гемангиоэндотелиома, БДУ";"Эпителиоидная гемангиоэндотелиома, злокачественная"
750;735;"9135/1";"Интралимфатическая папиллярная ангиоэндотелиома";"Эндоваскулярная папиллярная ангиоэндотелиома"
751;735;"9136/1";"Ретиформная гемангиоэндотелиома";"Композитная гемангиоэндотелиома"
752;735;"9140/3";"Саркома Капоши";""
753;735;"9141/0";"Ангиокератома";""
754;735;"9142/0";"Бородавчатая (веррукозная) ороговевающая гемангиома";""
758;735;"9160/0";"Ангиофиброма, БДУ";""
759;735;"9161/0";"Приобретенная пучковая гемангиома";""
760;735;"9161/1";"Гемангиобластома";""
762;761;"9170/0";"Лимфангиома, БДУ";""
763;761;"9170/3";"Лимфангиосаркома";""
764;761;"9171/0";"Капиллярная лимфангиома";""
765;761;"9172/0";"Кавернозная лимфангиома";""
768;761;"9174/1";"Лимфоангиолейомиоматоз";"Лимфоангиомиоматоз"
769;761;"9175/0";"Гемолимфангиома";""
771;770;"9180/0";"Остеома, БДУ (С40._, С41._)";""
772;770;"9180/3";"Остеосаркома, БДУ (С40._, С41._)";""
773;770;"9181/3";"Хондробластическая остеосаркома (С40._, С41._)";""
774;770;"9182/3";"Фибробластическая остеосаркома (С40._, С41._)";""
775;770;"9183/3";"Телеангиэктатическая остеосаркома (С40._, С41._)";""
832;812;"9312/0";"Плоскоклеточная одонтогенная опухоль";""
776;770;"9184/3";"Остеосаркома при болезни Педжета костей (С40._, С41._)";""
777;770;"9185/3";"Мелкоклеточная остеосаркома (С40._, С41._)";""
778;770;"9186/3";"Центральная остеосаркома (С40._, С41._)";""
779;770;"9187/3";"Центральняа остеогенная саркома низкой степени злокачественности";"Внутрикостная высокодифференцированная остеогенная саркома; интрамедуллярная остеогенная саркома низкой степени злокачественности"
780;770;"9191/0";"Остеоидная остеома, БДУ (С40._, С41._)";""
781;770;"9192/3";"Паростальная остеосаркома (С40._, С41._)";""
782;770;"9193/3";"Периостальная остеосаркома (С40._, С41._)";""
783;770;"9194/3";"Поверхностная остеосаркома высокой степени злокачественности (С40._, С41._)";""
784;770;"9195/3";"Интракортикальная остеосаркома (С40._, С41._)";""
785;770;"9200/0";"Остеобластома, БДУ (С40._, С41._)";""
786;770;"9200/1";"Агрессивная остеобластома (С40._, С41._)";""
787;770;"9210/0";"Остеохондрома (С40._, С41._)";""
788;770;"9210/1";"Остеохондроматоз, БДУ (С40._, С41._)";""
789;770;"9220/0";"Хондрома, БДУ (С40._, С41._)";""
790;770;"9220/1";"Хондроматоз, БДУ";""
792;770;"9221/0";"Периостеальная хондрома";"Юкстакортикальная хондрома"
793;770;"9221/3";"Периостеальная ходросаркома";"Юкстакортикальная ходросаркома"
795;770;"9230/3";"Хондробластома, злокачественная (С40._, С41._)";""
796;770;"9231/3";"Миксоидная хондросаркома";""
797;770;"9240/3";"Мезенхимальная хондросаркома";""
798;770;"9241/0";"Хондромиксоидная фиброма (С40._, С41._)";""
799;770;"9242/3";"Светлоклеточная хондросаркома (С40._, С41._)";""
800;770;"9243/3";"Дедифференцированная хондросаркома (С40._, С41._)";""
802;801;"9250/1";"Гигантоклеточная опухоль костей, БДУ (С40._, С41._)";""
803;801;"9250/3";"Гигантоклеточная опухоль костей, злокачественная (С40._, С41._)";""
804;801;"9251/1";"Гигантоклеточная опухоль мягких тканей, БДУ";""
805;801;"9251/3";"Злокачественная гигантоклеточная опухоль мягких тканей";""
806;801;"9252/0";"Теносиновиальная гигантоклеточная опухоль, локализованная";""
807;801;"9252/3";"Злокачественная теносиновиальная гигантоклеточная опухоль (С49._)";""
810;808;"9261/3";"Адамантинома длинных костей (С40._)";""
811;808;"9262/0";"Оссифицирующая фиброма";""
813;812;"9270/0";"Одонтогенная опухоль, доброкачественная";""
814;812;"9270/1";"Одонтогенная опухоль, БДУ";""
815;812;"9270/3";"Одонтогенная опухоль, злокачественная";""
816;812;"9271/0";"Амелобластическая фибродентинома";""
817;812;"9272/0";"Цементома, БДУ";""
818;812;"9273/0";"Цементобластома, доброкачественная";""
819;812;"9274/0";"Цементифицирующая фиброма";"Цементо-оссифицирующая фиброма"
820;812;"9275/0";"Гигантоформная цементома";""
821;812;"9280/0";"Одонтома, БДУ";""
822;812;"9281/0";"Смешанная одонтома";""
824;812;"9290/0";"Амелобластическая фиброодонтома";""
825;812;"9290/3";"Амелобластическая одонтосаркома";""
826;812;"9300/0";"Аденоматоидная одонтогенная опухоль";""
827;812;"9301/0";"Обызвествленная одонтогенная киста";""
828;812;"9302/0";"Дентиногенная опухоль из клеток-теней";"Одонтогенная опухоль из клеток-теней"
829;812;"9310/0";"Амелобластома, БДУ";""
830;812;"9310/3";"Амелобластома, метастазирующая";"Амелобластома, злокачественная"
833;812;"9320/0";"Одонтогенная миксома";""
834;812;"9321/0";"Одонтогенная фиброма, БДУ";"Центральная одонтогенная фиброма"
835;812;"9322/0";"Периферическая одонтогенная фиброма";""
836;812;"9330/0";"Амелобластическая фиброма";""
837;812;"9330/3";"Амелобластическая фибросаркома";""
838;812;"9340/0";"Обызвествленная эпителиальная одонтогенная опухоль";""
840;812;"9342/3";"Одонтогенная карциносаркома";""
842;841;"9350/1";"Краниофарингиома (С75.2)";""
843;841;"9351/1";"Краниофарингиома, адамантиноматозная (С75.2)";""
844;841;"9352/1";"Краниофарингиома, папиллярная (С75.2)";""
845;841;"9360/1";"Пинеалома (С75.3)";""
846;841;"9361/1";"Пинеоцитома (С75.3)";""
847;841;"9362/3";"Пинеобластома (С75.3)";""
848;841;"9363/0";"Меланотическая нейроэктодермальная опухоль";""
849;841;"9364/3";"Саркома Юинга";"Опухоль Юинга; периферическая нейроэктодермальная опухоль"
850;841;"9365/3";"Опухоль Аскина";""
851;841;"9370/3";"Хордома, БДУ";""
852;841;"9371/3";"Хондроидная хордома";""
853;841;"9372/3";"Дедифференцированная хордома";""
854;841;"9373/0";"Парахордома";""
856;855;"9380/3";"Глиома, злокачественная (С71._)";""
857;855;"9381/3";"Глиоматоз мозга (С71._)";""
858;855;"9382/3";"Олигоастроцитома, БДУ";"Смешанная глиома"
859;855;"9383/1";"Субэпендимома (С71._)";""
860;855;"9384/1";"Субэпендимальная гигантоклеточная астроцитома (С71._)";""
861;855;"9390/0";"Папиллома сосудистого сплетения, БДУ (С71.5)";""
862;855;"9390/1";"Атипичная папиллома сосудистого сплетения (С71.5)";""
863;855;"9390/3";"Рак сосудистого сплетения (С71.5)";""
864;855;"9391/3";"Эпендимома, БДУ (С71._)";""
865;855;"9392/3";"Эпендимома, анапластическая (С71._)";""
866;855;"9393/3";"Папиллярная эпендимома (С71._)";""
867;855;"9394/1";"Миксо-папиллярная эпендимома (С72.0)";""
868;855;"9395/3";"Папиллярная опухоль пинеальной области";""
869;855;"9400/3";"Диффузная астроцитома с мутацией IDH";"Диффузная астроцитома, дикого типа по IDH"
870;855;"9401/3";"Астроцитома, анапластическая, с мутацией IDH";"Астроцитома, анапластическая, дикого типа по IDH"
871;855;"9410/3";"Протоплазматическая астроцитома (С71._)";""
872;855;"9411/3";"Гемистоцитарная астроцитома, с мутацией IDH";""
873;855;"9412/1";"Десмопластическая инфантильная астроцитома (С71._)";""
874;855;"9413/0";"Дисэмбриопластическая нейроэпителиальная опухоль";""
875;855;"9420/3";"Фибриллярная астроцитома (С71._)";""
876;855;"9421/1";"Пилоцитарная астроцитома (С71._)";""
877;855;"9423/3";"Полярная спонгиобластома (С71._)";""
878;855;"9424/3";"Анапластическая плеоморфная ксантоастроцитома";""
879;855;"9425/3";"Пиломиксоидная астроцитома";""
880;855;"9430/3";"Астробластома (С71._)";""
881;855;"9431/1";"Ангиоцентрическая глиома";""
882;855;"9432/1";"Питуицитома";""
883;855;"9440/3";"Эпителиоидная глиобластома";"Глиобластома, дикого типа по IDH; глиобластома, первичная, БДУ"
884;855;"9441/3";"Гигантоклеточная глиобластома (С71._)";""
885;855;"9442/1";"Глиофиброма (С71._)";""
886;855;"9442/3";"Глиосаркома (С71._)";""
887;855;"9444/1";"Хордоидная глиома (С71._)";""
888;855;"9450/3";"Олиогодендроглиома, с мутацией IDH и сочетанной делецией 1p/19q";""
889;855;"9451/3";"Олигодендроглиома, анапластическая, с мутацией IDH и сочетанной делецией 1p/19q";""
890;855;"9460/3";"Олигодендробластома [уст. ] (С71._)";""
891;855;"9470/3";"Классическая медуллобластома";""
892;855;"9471/3";"Медуллобластома, с активацией SHH-пути и дикого типа по ТР53";"Медуллобластома, с активацией SHH-пути, БДУ"
893;855;"9472/3";"Медулломиобластома (С71.6)";""
894;855;"9473/3";"Эмбриональная опухоль ЦНС, БДУ";"Примитивная нейроэктодермальная опухоль, БДУ"
895;855;"9474/3";"Крупноклеточная медуллобластома (С71.6)";""
896;855;"9480/3";"Саркома мозжечка, БДУ (С71.6) [уст.]";""
898;897;"9490/0";"Ганглионеврома";""
899;897;"9490/3";"Ганглионейробластома";""
900;897;"9491/0";"Ганглионейроматоз";""
901;897;"9492/0";"Ганглиоцитома";""
902;897;"9493/0";"Диспластическая ганглиоцитома мозжечка (болезнь Лермитта-Дюкло) (С71.6)";""
903;897;"9500/3";"Нейробластома, БДУ";""
904;897;"9501/0";"Медуллоэпителиома, доброкачественная (С69.4)";""
905;897;"9501/3";"Медуллоэпителиома, БДУ";""
906;897;"9502/0";"Тератоидная медуллоэпителиома, доброкачественная (С69.4)";""
907;897;"9502/3";"Тератоидная медуллоэпителиома";""
908;897;"9503/3";"Нейроэпителиома, БДУ";""
909;897;"9504/3";"Спонгионейробластома";""
910;897;"9505/1";"Ганглиоглиома, БДУ";""
911;897;"9505/3";"Ганглиоглиома, анапластическая";""
912;897;"9506/1";"Центральная нейроцитома";""
913;897;"9507/0";"Пачиниева опухоль";""
914;897;"9508/3";"Эмбриональная опухоль ЦНС с рабдиоидными чертами";""
915;897;"9509/1";"Папиллярная глионейрональная опухоль";""
916;897;"9510/0";"Ретиноцитома (С69.2)";""
917;897;"9510/3";"Ретинобластома, БДУ (С69.2)";""
918;897;"9511/3";"Ретинобластома, дифференцированная (С69.2)";""
919;897;"9512/3";"Ретинобластома, недифференцированная (С69.2)";""
920;897;"9513/3";"Ретинобластома, диффузная (С69.2)";""
921;897;"9514/1";"Ретинобластома, спонтанно регрессирующая (С69.2)";""
922;897;"9520/3";"Ольфакторная нейрогенная опухоль (С30.0)";""
923;897;"9521/3";"Ольфакторная нейроцитома (С30.0)";""
924;897;"9522/3";"Ольфакторная нейробластома (С30.0)";""
925;897;"9523/3";"Ольфакторная нейроэпителиома (С30.0)";""
927;926;"9530/0";"Менингиома, БДУ";""
929;926;"9530/3";"Менингиома, злокачественная";""
930;926;"9531/0";"Менинготелиальная менингиома";""
931;926;"9532/0";"Фиброзная менингиома";""
932;926;"9533/0";"Псаммоматозная менингиома";""
933;926;"9534/0";"Ангиоматозная менингиома";""
934;926;"9535/0";"Гемангиобластическая менингиома [уст.]";""
935;926;"9537/0";"Переходная менингиома";""
936;926;"9538/1";"Светлоклеточная менингиома";""
937;926;"9538/3";"Папиллярная менингиома";""
938;926;"9539/1";"Атипичная менингиома";""
939;926;"9539/3";"Менингеальный саркоматоз";""
941;940;"9540/0";"Нейрофиброма, БДУ";""
943;940;"9540/3";"Злокачественная опухоль оболочек периферических нервов";""
944;940;"9541/0";"Меланотическая нейрофиброма";""
945;940;"9550/0";"Плексиформная нейрофиброма";""
946;940;"9560/0";"Шваннома, БДУ";"Неврилемома, БДУ"
947;940;"9560/1";"Меланотическая шваннома";"Пигментная шваннома"
948;940;"9560/3";"Неврилеммома, злокачественная [уст.]";""
949;940;"9561/3";"Злокачественная опухоль оболочек периферических нервов с рабдомиобластической дифференцировкой";""
950;940;"9562/0";"Миксома оболочек нервов";"Нейротекеома"
951;940;"9570/0";"Неврома, БДУ";""
952;940;"9571/0";"Периневриома, БДУ";""
953;940;"9571/3";"Периневриома, злокачественная";""
955;954;"9580/0";"Зернистоклеточная опухоль, БДУ";""
956;954;"9580/3";"Зернистоклеточная опухоль, злокачественная";""
957;954;"9581/3";"Альвеолярная саркома мягких тканей";""
958;954;"9582/0";"Зернистоклеточная опухоль области турецкого седла (С75.1)";""
961;960;"9590/3";"Злокачественная лимфома, БДУ";""
964;960;"9597/3";"Первичная лимфома кожи из клеток фолликулярного центра";""
966;965;"9650/3";"Лимфома Ходжкина, БДУ";""
967;965;"9651/3";"Лимфома Ходжкина, богатая лимфоцитами";""
968;965;"9652/3";"Лимфома Ходжкина, смешанно-клеточная, БДУ";""
969;965;"9653/3";"Лимфома Ходжкина, с лимфоидным истощением, БДУ";""
970;965;"9654/3";"Лимфома Ходжкина, с лимфоцитарным истощением по типу диффузного фиброза";""
971;965;"9655/3";"Лимфома Ходжкина, с лимфоцитарным истощением по ретикулярному типу";""
973;965;"9661/3";"Гранулема Ходжкина [уст.]";""
974;965;"9662/3";"Саркома Ходжкина [уст.]";""
975;965;"9663/3";"Лимфома Ходжкина, нодулярный склероз, БДУ";""
976;965;"9664/3";"Лимфома Ходжкина, нодулярный склероз, клеточная фаза";""
977;965;"9665/3";"Лимфома Ходжкина, нодулярный склероз, тип 1";""
978;965;"9667/3";"Лимфома Ходжкина, нодулярный склероз, тип 2";""
982;980;"9671/3";"Лимфоплазмобластная лимфома";""
983;980;"9673/3";"Мантийноклеточная лимфома";""
984;980;"9675/3";"Злокачественная лимфома, смешанная мелко-крупноклеточная, диффузная [уст.] (см. также 9690/3)";""
985;980;"9678/3";"Первичная лимфома серозных полостей";""
987;980;"9680/1";"EBV-позитивная кожно-слизистая язва";""
988;980;"9684/3";"Злокачественная лимфома, B-крупноклеточная, диффузная, иммунобластная, БДУ";""
991;980;"9689/3";"B-крупноклеточная лимфома маргинальной зоны селезенки (C42.2)";""
993;980;"9691/3";"Фолликулярная лимфома, тип 2";""
994;980;"9695/3";"Фолликулярная лимфома, дуоденального типа";""
995;980;"9698/3";"Крупноклеточная B-клеточная лимфома с перестройкой IRF4";""
998;997;"9700/3";"Грибовидный микоз (C44._)";""
999;997;"9701/3";"Синдром Сезари";""
1001;997;"9705/3";"Ангиоиммунобластная T-клеточная лимфома";""
1002;997;"9708/3";"Подкожная панникулитоподобная T-клеточная лимфома";""
1004;997;"9712/3";"Внутрисосудистая B-клеточная лимфома";"Ангиоэндотелиоматоз; ангиотропная лимфома"
1006;997;"9716/3";"Гепатолиенальная T-клеточная лимфома";""
1011;1010;"9724/3";"Системное EBV (Вирус Эпштейна-Барр)-позитивное T-клеточное лимфопролиферативное заболевание детского возраста";""
1013;1010;"9726/3";"Первичная кожная гаммма-дельта T-клеточная лимфома";""
1019;1017;"9732/3";"Плазмоклеточная миелома";"Множественная миелома"
1020;1017;"9733/3";"Плазмоклеточный лейкоз (C42.1)";""
1021;1017;"9734/3";"Плазмоцитома, экстрамедуллярная";""
1022;1017;"9735/3";"Плазмобластная лимфома";""
1023;1017;"9737/3";"ALK-позитивная B-крупноклеточная лимфома";""
1027;1025;"9740/3";"Тучноклеточная саркома";""
1028;1025;"9741/1";"Вялотекущий системный мастоцитоз";""
1030;1025;"9742/3";"Тучноклеточный лейкоз (C42.1)";""
1032;1031;"9750/3";"Злокачественный гистиоцитоз";""
1033;1031;"9751/3";"Гистиоцитоз из клеток Лангерганса, диссеминированный";""
1034;1031;"9755/3";"Гистиоцитарная саркома";""
1035;1031;"9756/3";"Саркома из клеток Лангерганса";""
1037;1031;"9758/3";"Саркома из фолликулярных дендритных клеток";""
1038;1031;"9759/3";"Опухоль из фибробластических ретикулярных клеток";""
1040;1039;"9760/3";"Иммунопролиферативная болезнь, БДУ";""
1041;1039;"9761/3";"Макроглобулинемия Вальденстрема (C42.0) (см. также 9671/3)";""
1067;1058;"9820/3";"Лимфоидный лейкоз, БДУ";""
1043;1039;"9764/3";"Иммунопролиферативная болезнь тонкой кишки (C17._)";""
1046;1039;"9767/1";"Ангиоиммунобластная лимфаденопатия (АИЛ, AIL)";""
1047;1039;"9768/1";"T-гамма лимфопролиферативная болезнь";""
1051;1050;"9800/3";"Лейкоз, БДУ";""
1053;1050;"9805/3";"Острый бифенотипический лейкоз";""
1054;1050;"9806/3";"Острый лейкоз со смешанным фенотипом с t(9;22)(q34;q11.2);BCR-ABL1";""
1055;1050;"9807/3";"Острый лейкоз со смешанным фенотипом с t(v;11q23); с перестройкой гена MLL";""
1152;106;"8253/2";"Аденокарцнома in situ, муцинозная";""
1056;1050;"9808/3";"Острый лейкоз со смешанным B/миелоидным фенотипом, БДУ";""
1057;1050;"9809/3";"Острый лейкоз со смешанным T/миелоидным фенотипом, БДУ";""
1059;1058;"9811/3";"B-лимфобластный лейкоз/лимфома, БДУ";"С-ОЛЛ; общий ОЛЛ; В-ОЛЛ из клеток с фенотипом общего предшественника; пре-B ОЛЛ; пре-пре-B ОЛЛ; про-B ОЛЛ; лимфобластный лейкоз из клеток с фенотипом предшественников В-клеток; B-лимфобластный лейкоз/лимфома с iAMP21"
1060;1058;"9812/3";"B-лимфобластный лейкоз/лимфома с t(9;22)(q34;q11.2); BCR-ABL1";""
1061;1058;"9813/3";"B-лимфобластный лейкоз/лимфома с t(v;11q23); с перестройкой гена MLL";""
1062;1058;"9814/3";"B-лимфобластный лейкоз/лимфома с t(12;21)(p13;q22); TEL-AML1 (ETV6-RUNX1)";""
1063;1058;"9815/3";"B-лимфобластный лейкоз/лимфома с гиперплоидией";""
1064;1058;"9816/3";"B-лимфобластный лейкоз/лимфома с гипоплоидией (Гипоплоидный ОЛЛ)";""
1065;1058;"9817/3";"B-лимфобластный лейкоз/лимфома с t(5;14)(q31;q32); IL3-IGH";""
1066;1058;"9818/3";"B-лимфобластный лейкоз/лимфома с t(1;19)(q23;p13.3); E2A-PBX1 (TCF3-PBX1)";""
1070;1058;"9827/3";"T-клеточный лейкоз/лимфома у взрослых (HTLV-1 (T-лимфотропный вирус человека первого типа) позитивный)";""
1072;1058;"9832/3";"Пролимфоцитарный лейкоз, БДУ";""
1073;1058;"9833/3";"Пролимфоцитарный лейкоз, B-клеточный";""
1074;1058;"9834/3";"Пролимфоцитарный лейкоз, T-клеточный";""
1075;1058;"9835/3";"Лимфобластный лейкоз из клеток-предшественников, БДУ (см. также 9727/3)";""
1079;1078;"9840/3";"Острый эритроидный лейкоз";"Острый миелолейкоз, М6 типа"
1080;1078;"9860/3";"Миелоидный лейкоз, БДУ";""
1081;1078;"9861/3";"Острый миелоидный лейкоз, БДУ (см. также 9930/3)";""
1082;1078;"9863/3";"Хронический миелоидный лейкоз, БДУ";""
1083;1078;"9865/3";"Острый миелоидный лейкоз с t(6;9) (p23;q34); DEK-NUP214";""
1085;1078;"9867/3";"Острый миеломоноцитарный лейкоз";""
1087;1078;"9870/3";"Острый базофильный лейкоз";""
1090;1078;"9873/3";"Острый миелоидный лейкоз без созревания";""
1091;1078;"9874/3";"Острый миелоидный лейкоз с созреванием";""
1092;1078;"9875/3";"Хронический миелогенный лейкоз, BCR/ABL-позитивный";""
1093;1078;"9876/3";"Атипичный хронический миелоидный лейкоз, BCR/ABL-негативный";""
1094;1078;"9891/3";"Острый моноцитарный лейкоз";""
1095;1078;"9895/3";"Острый миелоидный лейкоз с миелодиспластическими изменениями";""
1098;1078;"9898/1";"Преходящий аномальный миелопоэз";""
1099;1078;"9898/3";"Миелоидный лейкоз, ассоциированный с синдромом Дауна";""
1100;1078;"9910/3";"Острый мегакариобластный лейкоз";""
1101;1078;"9911/3";"Острый миелоидный (мегакариобластный) лейкоз с t(1;22)(p13;q13); RBM15-MKL1";""
1102;1078;"9920/3";"Миелоидное новообразование, связанное с терапией";""
1103;1078;"9930/3";"Миелоидная саркома (см. также 9861/3)";""
1104;1078;"9931/3";"Острый панмиелоз с миелофиброзом (C42.1)";""
1105;1078;"9940/3";"Волосатоклеточный лейкоз (C42.1)";""
1107;1106;"9945/3";"Хронический миеломоноцитарный лейкоз, БДУ";""
1108;1106;"9946/3";"Ювенильный миеломоноцитарный лейкоз";""
1109;1106;"9948/3";"Агрессивный NK-клеточный лейкоз";""
1111;1110;"9950/3";"Истинная полицитемия";""
1112;1110;"9960/3";"Миелопролиферативное новообразование, БДУ";""
1113;1110;"9961/3";"Первичный миелофиброз";""
1114;1110;"9962/3";"Эссенциальная тромбоцитемия";""
1115;1110;"9963/3";"Хронический нейтрофильный лейкоз";""
1117;1110;"9965/3";"Миелоидные и лимфоидные новообразования с перестройкой гена PDGFRA";""
1119;1110;"9967/3";"Миелоидные и лимфоидные новообразования с нарушениями в гене FGFR1";""
1121;1120;"9970/1";"Лимфопролиферативное заболевание, БДУ";""
1126;1125;"9980/3";"Миелодиспластическйи синдром с однолинейной дисплазией";"Рефрактерная анемия, БДУ; рефрактерная нейтропения; рефрактерная тромбоцитопения"
1127;1125;"9982/3";"Миелодиспластический синдром с кольцевидными сидеробластами и однолинейной дисплазией";"Рефрактерная анемия с сидеробластами; миелодиспластический синдром с кольцевидными сидеробластами, БДУ"
1151;106;"8250/2";"Аденокарцинома легкого in situ, немуцинозная";""
1128;1125;"9983/3";"Миелодиспластический синдром с избытком бластов";"Рефрактерная анемия с избытком бластов, БДУ"
1129;1125;"9984/3";"Рефрактерная анемия с избытком бластов на стадии трансформации [уст.]";""
1130;1125;"9985/3";"Миелодиспластический синдром с мультилинейной дисплазией";"Рефрактерная цитопения с мультилинейной дисплазией; рефрактерная цитопения детского возраста"
1131;1125;"9986/3";"Миелодиспластический синдром с изолированной делецией 5q";"Миелодиспластический синдром с синдромом изолированной делеции 5q"
1132;1125;"9987/3";"Миелодиспластический синдром, связанный с терапией, БДУ";""
1133;1125;"9989/3";"Миелодиспластический синдром, БДУ";""
1136;15;"8023/3";"NUT-ассоциированная карцинома";"NUT карцинома; NUT карцинома средней линии"
1137;44;"8054/0";"Бородавчатая дискератома";""
1138;44;"8054/3";"Бородавчатая карцинома";"Кондиломатозная карцинома; бородавчато-базалоидный рак"
1139;44;"8070/0";"Актинический кератоз";"Арсенический кератоз; PUVA-кератоз"
1140;44;"8071/2";"Дифференцированная интраэпителиальная неоплазия";"Дифференцированная пенильная интраэпителиальная неоплазия (PeIN); дифференцированная интраэпителиальняа неоплазия вульвы (VIN)"
1141;44;"8072/0";"Крупноклеточная акантома";""
1142;44;"8084/0";"Светлоклеточная акантома";""
1143;44;"8085/3";"Плоскоклеточный рак, HPV-позитивный";""
1144;44;"8086/3";"Плоскоклеточный рак, HPV-негативный";""
1145;73;"8100/3";"Трихобластическая карцинома";"Трихобластическая карциносаркома"
1146;73;"8103/1";"Пролиферирующая трихилеммальная киста";"Пролифераирующая трихилеммальная опухоль"
1147;73;"8104/0";"Акантома волосяного влагалища";"Опухоль воронки волосяного фолликула"
1148;106;"8144/0";"Аденома, кишечная";""
1149;106;"8158/3";"АКТГ-продуцирующая опухоль";"Эндокринная опухоль, функционирующая, БДУ"
1150;106;"8250/0";"Атипичная аденоматозная гиперплазия";""
1153;106;"8256/3";"Минимальноинвазивная аденокарцинома, немуцинозная";""
1154;106;"8257/3";"Минимальноинвазивная аденокарцинома, муцинозная";""
1155;106;"8260/1";"Агрессивная папиллярная опухоль";""
1156;106;"8273/3";"Бластома гипофиза";""
1157;106;"8311/3";"Почечноклеточный рак, ассоциирвоанный с наследственным лейомиоматозом и почечноклеточным раком";"Карцинома с транслокацией семейства MiT; сукцинат дегидрогеназа-дефицитный поченоклеточный рак"
1158;106;"8316/1";"Мультилокулярная кистозная опухоль почки с низким злокачественным потенциалом";""
1159;106;"8323/1";"Светлоклеточный папиллярный почечноклеточный рак";""
1160;106;"8335/1";"Фолликулярная опухоль с неопределенным потенциалом злокачественности";"Фолликулярная карцинома, инкапсулированная"
1161;106;"8336/1";"Гиалинизирующая трабекулярная опухоль";"Гиалинизирующая трабекулярная аденома"
1162;106;"8339/3";"Фолликулярная карцинома, инкапсулированная, ангиоинвазивная";""
1163;106;"8348/1";"Высокодифференцированная опухоль с неопределнным потенциалом злокачественности";""
1164;106;"8349/1";"Неинвазивная фолликулярная опухоль щитовидной железы с папиллярными ядерными чертами";""
1165;106;"8380/2";"Эндометриоидная интраэпителиальная неоплазия";"Атипическая гиперплазия эндометрия"
1166;284;"8406/3";"Сосочковая сирингоцистаденокарцинома";""
1167;284;"8409/2";"Порокарцинома in situ";""
1168;316;"8441/2";"Серозная интраэпителиальная карцинома";"Серозная тубарная интраэпителиальная карцинома (STIC); серозная интраэпителиальняа карцинома эндометрия"
1169;316;"8460/2";"Серозная пограничная опухоль, микропапиллярный вариант";"Серозная карцинома, неинвазивная, low grade; low grade серозная карцинома"
1170;316;"8474/0";"Серомуцинозная цистаденома";""
1171;316;"8474/1";"Серомуцинозная пограничная опухоль";"Серомуцинозная опухоль, атипическая пролиферативная"
1172;316;"8474/3";"Серомуцинозная карцинома";""
1173;354;"8507/3";"Инвазивная микропапиллярная карцинома молочной железы";"Микропапиллярная карцинома молочной железы"
1174;354;"8509/2";"Солидная папиллярная карцинома in situ";"Эндокринная муцин-продуцирующая карцинома in situ потовых желез"
1175;354;"8509/3";"Солидная папиллярная карцинома с инвазией";"Эндокринная муцин-продуцирующая карцинома потовых желез"
1176;354;"8519/2";"Дольковая карцинома in situ, плеоморфная";"LCIS, плеоморфная"
1177;423;"8594/1";"Смешанная герминальноклеточная опухоль и опухоль стромы полового тяжа, БДУ";"Смешаенная герминальноклеточная опухоль и опухоль стромы полового тяжа, неклассифицируемая"
1178;423;"8622/0";"Гранулезоклеточная опухоль яичка, ювенильная (С62._)";""
1179;423;"8643/1";"Внутриканальцевая крупноклеточная гиалинизирующая неоплазия из клеток Сертоли";""
1180;459;"8681/3";"Симпатическая параганглиома";""
1181;459;"8682/3";"Парасимпатическая параганглиома";""
1182;459;"8690/3";"Параганглиома среднего уха";"Опухоль Glomus jugulare; еремная параганглиома; югулотимпаническая параганлиома"
1183;459;"8691/3";"Опухоль аортального тельца";"Параганглиома аортального тельца; аортопульмональная параганглиома"
1184;459;"8692/3";"Параганглиома картотидного тельца";"Опухоль каротидного тельца"
1185;459;"8714/0";"Периваскулярная эпителиоидная опухоль (PECома), доброкачественная";"РЕСома, доброкачественная"
1186;459;"8714/3";"Периваскулярная эпителиоидная опухоль, злокачественная";"РЕСома, злокачественная"
1187;478;"8742/0";"Лентигинозный меланоцитарный невус";"Простое лентиго простое лентиго"
1188;478;"8780/1";"Пигментная эпителиоидная меланоцитома";"Голубой невус, эпителиоидный"
1189;522;"8802/1";"Плеоморфная гиалинизирующая ангиэктатическкая опухоль";""
1190;532;"8811/1";"Миксоинфламаторная фибробластическая саркома";"Атипическая миксоинфламаторная фибробластическая опухоль; гемосидеротическая фибролипоматозная опухоль"
1191;532;"8813/1";"Ладонно-подошвенный фиброматоз";"Поверхностный фиброматоз"
1193;532;"8815/1";"Солитарная фиброзная опухоль, БДУ";"Локализованная фиброзная опухоль; гемангиоперицитома, БДУ; гемангиоперицитарная менингиома; солитарная фиброзная опухоль/геменгиоперицитома, Grade 2"
1194;532;"8816/0";"Кальцифицирующая апоневротическая фиброма";""
1195;532;"8817/0";"Кальцифицирующая фиброзная опухоль";""
1196;532;"8818/0";"Фиброзная дисплазия";""
1197;532;"8823/1";"Десмопластическая фиброма";""
1198;532;"8825/3";"Миофибробластическая саркома";""
1199;532;"8828/0";"Нодулярный фасциит";"Пролиферативный фасциит; пролиферативный миозит"
1200;532;"8832/1";"Выбухающая дерматофибросаркома, БДУ";"Дерматофибросаркома, БДУ"
1201;532;"8833/1";"Пигментная дерматофибросаркома выбухающая";"Опухоль Беднара"
1202;565;"8841/0";"Ангиомиксома, БДУ";"Агрессивная ангиомиксома; поверхностная ангиомиксома"
1203;565;"8842/3";"Оссифицирующая фибромиксоидная опухоль, злокачественная";"Легочная миксоидная саркома с транслокацией EWSR1-CREB1"
1204;570;"8851/1";"Липофиброматоз";""
1205;570;"8860/1";"Ангиомиолипома, эпителиоидная";""
1206;592;"8896/0";"Миксоидная лейомиома";""
1207;618;"8983/3";"Аденомиоэпителиома с карциномой";"Злокачественная аденомиоэпителиома"
1208;618;"8992/0";"Легочная гамартома";""
1209;680;"9045/3";"Бифенотипическая синоназальная саркома";""
1210;687;"9052/1";"Высокодифференцированная сосочковая мезотелиома плевры";""
1211;698;"9086/3";"Герминальноклеточная опухоль, ассоциирвоанная с гематологическими опухолями";""
1212;735;"9137/0";"Миоинтимома";""
1213;735;"9137/3";"Интимальная саркома";""
1214;735;"9138/1";"Псевдомиогенная (эпителиоидная саркома-подобная) гемангиоэндотелиома";""
1215;770;"9211/0";"Остеохондромиксома";""
1216;770;"9212/0";"Параоссальная осеохондроматозная пролиферация из уродливых клеток";""
1217;770;"9213/0";"Подногтевой экзостоз";""
1218;770;"9222/1";"Атипическая хрящевая опухоль";"Хондросаркома, Grade 1"
1219;770;"9230/1";"Хондробластома, БДУ";"Хондроматозная гигантоклеточная опухоль; опухоль Кодмана"
1220;801;"9252/1";"Теносиновиальная гигантоклеточная опухоль, диффузная";"Пигментный виллонодулярный теносиновит"
1221;808;"9260/0";"Аневризмальная костная киста";""
1222;812;"9341/3";"Светлоклеточная одонтогенная карцинома";"Светлоклеточная одонтогенная опухоль"
1223;841;"9370/0";"Доброкачественная опухоль нотохорды";""
1224;855;"9385/3";"Диффузная срединная глиома, с мутацией Н3 К27М";"Диффузная глиома моста, с мутацией Н3 К27М"
1225;855;"9391/1";"Селлярная эпендимома";""
1226;855;"9396/3";"Эпендимома, позитивная по RELA-fusion";""
1227;855;"9445/3";"Глиобластома, с мутацией IDH";"Глиобластома, вторичная, с мутацией IDH; глиобластома, вторичная, БДУ"
1228;855;"9475/3";"Медуллобластома, с активацией WNT-пути, БДУ";"Медуллобластома, с активацией WNT-пути, классическая; медуллобластома, с активацией WNT-пути, крупноклеточная; медуллобластома, с активацией WNT-пути, анапластическая"
1229;855;"9476/3";"Медуллобластома, с активацией SHН-пути и мутацией ТР53";""
1230;855;"9477/3";"Медуллобластома, без активации WNT/SHH-пути";"Медуллобластома, группа 3; медуллобластома, группа 4"
1231;855;"9478/3";"Эмбриональная опухоль с многослойными розетками и перестройкой С19МС";"Эмбриональная опухоль с многослойными розетками, БДУ"
1232;940;"9542/3";"Злокачественная опухоль из оболочек периферических нервов, эпителиоидная";"Эпителиоидная MPNST"
1234;980;"9673/1";"Мантийноклеточная неоплазия in situ";"Мантийноклеточная лимфома in situ"
1236;980;"9695/1";"Фолликулярная неоплазия in situ";"Фолликулярная лимфома in situ"
1237;997;"9702/1";"Индолентное Т-клеточное лимфопролиферативное заболевание желудочно-кишечного тракта";""
1238;997;"9709/1";"Первичнокожное CD4-позитивное лимфопролиферативное заболевание из мелких/средних Т-клеток";"Первичнокожная CD4-позитивная лимфома из мелких/средних Т-клеток"
1239;997;"9715/3";"Анапластическая крупноклеточная лимфома, ALK-негативная";"Анапластическая крупноклеточная лимфома, ассоциирвоанная с имплантами молочной железы"
1240;997;"9718/1";"Первичнокожное CD30+ Т-клеточное лимфопролиферативное заболевание";"Лимфоматоидный папуллез"
1245;1039;"9766/3";"Лимфоматоидный гранулематоз, Grade 3";""
1246;1058;"9819/3";"B-лимфобластный лейкоз/лимфома, BCR-ABL1-подобный";""
1248;1078;"9877/3";"Острый миелолейкоз с мутацией NPM1";""
1249;1078;"9878/3";"Острый миелолейкоз с биаллельной мутацией СЕВРА";""
1250;1078;"9879/3";"Острый миелолейкоз с мутацией RUNX1";""
1251;1078;"9912/3";"Острый миелолейкоз с BCR-ABL1";""
1253;1125;"9993/3";"Миелодиспластический синдром с кольцевидными сидеробластами и мультилинейной дисплазией";""
962;960;"9591/3";"Злокачественная лимфома, неходжкинская, БДУ";"В-клеточная лимфома/лейкоз селезенки, неклассифицируемая; В-мелкоклеточная диффузная лимфома красной пульпы селезенки; Вариантный волосатоклеточный лейкоз"
963;960;"9596/3";"Смешанная лимфома Ходжкина и неходжкинская лимфома";"B-клеточная лимфома, неклассифицируемая, с чертами, промежуточными между диффузной B-крупноклеточной лимфомой и классической лимфомой Ходжкина"
972;965;"9659/3";"Лимфома Ходжкина, нодулярный тип c лимфоцитарным преобладания";""
986;980;"9679/3";"B-крупноклеточная лимфома средостения (C38.3)";"Первичная B-крупноклеточная лимфома средостения (тимуса)"
989;980;"9687/3";"Лимфома Беркитта, БДУ";"Беркитт-подобная лимфома с перестройкой 11q; беркитт-клеточный лейкоз; острый лейкоз, Беркитт-тип; острый лимфобластный лейкоз, с фенотипом зрелых В-клеток; В-ОЛЛ; FAB L3"
990;980;"9688/3";"B-крупноклеточная лимфома с большим количеством Т-клеток";"B-крупноклеточная лимфома с большим количеством гистиоцитов"
992;980;"9690/3";"Фолликулярная лимфома, БДУ";"Фолликулярная лимфома, педиатрического типа"
996;980;"9699/3";"Экстранодальная лимфома маргинальной зоны лимфоидной ткани, ассоциированной со слизистыми оболочками";"Лимфома, ассоциированная с лимфоидной тканью бронхов; лимфома, ассоциированная с лимфоидной тканью слизистых оболочек; MALТ-лимфома; Нодальная лимфома маргинальной зоны; B-клеточная лимфома маргинальной зоны, БДУ"
1000;997;"9702/3";"Зрелая T-клеточная лимфома, БДУ";"Периферическая Т-клеточная лимфома, БДУ; фолликулярная Т-клеточная лимфома; Нодальная периферическая Т-клеточная лимфома с фенотипом Т-хелперов фолликулярного центра"
1003;997;"9709/3";"Кожная T-клеточная лимфома, БДУ (C44._)";"Первичная кожная CD8-позитивная агрессивная эпидермотропная цитотоксическая T-клеточная лимфома; первичная кожная акральная CD8-позитивная Т-клеточная лимфома"
1005;997;"9714/3";"Анапластическая крупноклеточная лимфома, T- и NK-клеточная";"Анапластическая крупноклеточная лимфома, ALK-позитивная"
1007;997;"9717/3";"Кишечная T-клеточная лимфома";"T-клеточная лимфома, ассоциированная с энтеропатией; мономорфная эпителиотропная интестинальная Т-клеточная лимфома"
1008;997;"9718/3";"Первичное CD30+ T-клеточное лимфопролиферативное заболевание кожи (C44._)";"Первичная кожная анапластическая крупноклеточная лимфома"
1009;997;"9719/3";"NK/T-клеточная лимфома, назальная и назального типа";"Экстранодальная NK-/Т-клеточная лимфома, назальный тип"
1014;1010;"9727/3";"Лимфобластная лимфома из клеток-предшественников, БДУ (см. также 9835/3)";"Новообразование из бластных плазмоцитоидных дендритных клеток"
1018;1017;"9731/3";"Плазмоцитома, БДУ";"Солитарная плазмоцитома"
1024;1017;"9738/3";"HHV-8-позитивная диффузная B-крупноклеточная лимфома";"B-крупноклеточная лимфома, возникшая на фоне HHV8- ассоциированной мультицентричной болезни Кастлемана"
1026;1025;"9740/1";"Мастоцитома, БДУ";"Солитарная мастоцитома кожи; Внекожная мастоцитома; Кожный мастоцитоз"
1029;1025;"9741/3";"Злокачественный мастоцитоз";"Системный мастоцитоз, ассоциированный с клональным гематологическим новообразованием; Агрессивный системный мастоцитоз"
1036;1031;"9757/3";"Саркома из интердигитирующих дендритных клеток";"Неопределенная опухоль из дендритных клеток"
1042;1039;"9762/3";"Болезнь тяжелых цепей, БДУ";"Болезнь гамма-тяжелой цепи; болезнь альфа-тяжелой цепи; болезнь мю-тяжелой цепи"
1044;1039;"9765/1";"Моноклональная гаммапатия неясного генеза";"Моноклональная гаммапатия, БДУ"
1045;1039;"9766/1";"Ангиоцентрическое иммунопролиферативное поражение";"Лимфоматоидный гранулематоз, БДУ; Лимфоматоидный гранулематоз, grade 1; Лимфоматоидный гранулематоз, grade 2"
1048;1039;"9769/1";"Болезнь отложения иммуноглобулинов";"Первичный амилоидоз; болезнь отложения легких и тяжелых цепей"
1052;1050;"9801/3";"Острый лейкоз, БДУ";"Недифференцированный лейкоз"
1071;1058;"9831/3";"T-клеточный лейкоз из больших зернистых лимфоцитов";"Хроническое лимфопролиферативное заболевание из NK-клеток"
1077;1058;"9837/3";"Т-лимфобластный лейкоз/лимфома";"Острый лимфобластный лейкоз из ранних предшественников Т-клеток; Лимфобластная лимфома из предшественников Т-клеток; Лимфобластный лейкоз из предшественников Т-клеток"
1084;1078;"9866/3";"Острый промиелоцитарный лейкоз, t(15;17)(q22;q11-12)";"Острый миелоидный лейкоз, PML/RAR-alpha"
1086;1078;"9869/3";"Острый миелоидный лейкоз с inv(3) (q21;q26.2) или t(13;3)(q21;q26.2); RPN1-EVI1";""
1088;1078;"9871/3";"Острый миелоидный лейкоз с аномальными эозинофилами (в том числе все варианты)";"Острый миелоидный лейкоз, t(16;16)(p13;q11); Острый миелоидный лейкоз, CBF-beta/MYH11; Острый миелоидный лейкоз, inv(16)(p13;q22)"
1089;1078;"9872/3";"Острый миелоидный лейкоз с минимальной дифференцировкой";""
1096;1078;"9896/3";"Острый миелоидный лейкоз, t(8;21) (q22;q22)";"Острый миелоидный лейкоз с t(8;21)(q22;q22.1), RUNX1-RUNX1T1"
1097;1078;"9897/3";"Острый миелоидный лейкоз с нарушениями сегмента 11q23";"Острый миелоидный лейкоз с t(9;11)(p22;q23), MLLT3-MLL"
1116;1110;"9964/3";"Хронический эозинофильный лейкоз";""
1118;1110;"9966/3";"Миелоидные новообразования с перестройкой гена PDGFRB";"Миелоидные и лимфоидные новообразования с перестройкой гена PDGFRB"
1124;1120;"9975/3";"Миелопролиферативное новообразование, неклассифицируемое";"Миелодиспластические и миелопролиферативные новообразования, неклассифицируемые"
1252;1110;"9968/3";"Миелоидные и лимфоидные новообразования с PCM1-JAK2";""
1233;960;"9591/1";"Моноклональный B-клеточный лимфоцитоз, БДУ";"Моноклональный B-клеточный лимфоцитоз, не-ХЛЛ тип"
1235;980;"9680/3";"Диффузная B-крупноклеточная лимфома, БДУ";"B-крупноклеточная диффузная злокачественная лимфома, БДУ; диффузная B-крупноклеточная лимфома, герминальноклеточный подтип; диффузная B-крупноклеточная лимфома, подтип из активированных клеток; диффузная B-крупноклеточная лимфома, подтип с фенотипом активированных В-клеток; витреоретинальная лимфома; B-клеточная лимфома, неклассифицируемая, с чертами, промежуточными между диффузной B-крупноклеточной лимфомой и лимфомой Беркитта; диффузная B-крупноклеточная лимфома (DLBCL), БДУ; первичная диффузная B-крупноклеточная лимфома центральной нервной системы; первичная кожная диффузная B-крупноклеточная лимфома, тип нижных конечностей; EBV-позитивная диффузная B-крупноклеточная лимфома; диффузная B-крупноклеточная лимфома, ассоциированная с хроническим воспалением; Высокодифференцированная В-клеточная лимфома с перестройками генов MYC и BCL2 и/или 6CL6; Высокодифференцированная В-клеточная лимфома, БДУ"
1241;1010;"9725/1";"Пузырчаткоподобная (hydroa vacciniforme-подобная) лимфома";"Hydroa vacciniforme-подобная лимфома"
1242;1031;"9749/3";"Болезнь Эрдгейма-Честера";""
1243;1031;"9751/1";"Гистиоцитоз из клеток Лангерганса, БДУ";"Гистиоцитоз из клеток Лангерганса, с поражением одной кости; гистиоцитоз из клеток Лангерганса, с множественными поражениями костей"
1244;1039;"9761/1";"IgM моноклональная гаммапатия неопределенного значения";""
1247;1058;"9823/1";"Моноклональный B-клеточный лимфоцитоз, ХЛЛ тип";""
1078;1049;;"МИЕЛОИДНЫЕ ЛЕЙКОЗЫ (984-993)";""
1106;1049;;"ПРОЧИЕ ЛЕЙКОЗЫ (994)";""
1031;;;"НОВООБРАЗОВАНИЯ ИЗ ГИСТИОЦИТОВ И A-КЛЕТОК (975)";""
1039;;;"ИММУНОПРОЛИФЕРАТИВНЫЕ ЗАБОЛЕВАНИЯ (976)";""
1050;1049;;"ЛЕЙКОЗЫ, БДУ (980)";""
1058;1049;;"ЛИМФОИДНЫЕ ЛЕЙКОЗЫ (981-983)";""
855;;;"ГЛИОМЫ (938-948)";""
1;;;"НОВООБРАЗОВАНИЯ, БДУ (800)";""
15;;;"ЭПИТЕЛИАЛЬНЫЕ НОВООБРАЗОВАНИЯ, БДУ (801-804)";""
44;;;"ПЛОСКОКЛЕТОЧНЫЕ НОВООБРАЗОВАНИЯ (805-808)";""
73;;;"БАЗАЛЬНОКЛЕТОЧНЫЕ НОВООБРАЗОВАНИЯ (809-811)";""
91;;;"ПЕРЕХОДНО-КЛЕТОЧНЫЕ ПАПИЛЛОМЫ И РАК (812-813)";""
106;;;"АДЕНОМЫ И АДЕНОКАРЦИНОМЫ (814-838)";""
478;;;"НЕВУСЫ И МЕЛАНОМЫ (872-879)";""
284;;;"НОВООБРАЗОВАНИЯ ПРИДАТКОВ, В Т.Ч. ПРИДАТКОВ КОЖИ (839-842)";""
313;;;"МУКОЭПИДЕРМОИДНЫЕ НОВООБРАЗОВАНИЯ (843)";""
316;;;"КИСТОЗНЫЕ, МУЦИНОЗНЫЕ И СЕРОЗНЫЕ НОВООБРАЗОВАНИЯ (844-849)";""
354;;;"ПРОТОКОВЫЕ И ДОЛЬКОВЫЕ НОВООБРАЗОВАНИЯ (850-854)";""
387;;;"АЦИНАРНО-КЛЕТОЧНЫЕ НОВООБРАЗОВАНИЯ (855)";""
393;;;"СЛОЖНЫЕ ЭПИТЕЛИАЛЬНЫЕ НОВООБРАЗОВАНИЯ (856-857)";""
405;;;"ЭПИТЕЛИАЛЬНЫЕ НОВООБРАЗОВАНИЯ ВИЛОЧКОВОЙ ЖЕЛЕЗЫ (ТИМУСА) (858)";""
423;;;"СПЕЦИФИЧЕСКИЕ НОВООБРАЗОВАНИЯ ПОЛОВЫХ ЖЕЛЕЗ (859-867)";""
731;;;"МЕЗОНЕФРОМЫ (911)";""
459;;;"ПАРАГАНГЛИОМЫ И ГЛОМУСНЫЕ ОПУХОЛИ (868-871)";""
522;;;"ОПУХОЛИ И САРКОМЫ МЯГКИХ ТКАНЕЙ, БДУ (880)";""
532;;;"ФИБРОЗНЫЕ НОВООБРАЗОВАНИЯ (881-883)";""
565;;;"МИКСОМАТОЗНЫЕ НОВООБРАЗОВАНИЯ (884)";""
570;;;"ЛИПОМАТОЗНЫЕ НОВООБРАЗОВАНИЯ (885-888)";""
592;;;"МИОМАТОЗНЫЕ НОВООБРАЗОВАНИЯ (889-892)";""
618;;;"СЛОЖНЫЕ СМЕШАННЫЕ И СТРОМАЛЬНЫЕ НОВООБРАЗОВАНИЯ (893-899)";""
661;;;"ФИБРОЭПИТЕЛИАЛЬНЫЕ НОВООБРАЗОВАНИЯ (900-903)";""
680;;;"ОПУХОЛИ СИНОВИАЛЬНЫХ ОБОЛОЧЕК (904)";""
687;;;"НОВООБРАЗОВАНИЯ ИЗ КЛЕТОК МЕЗОТЕЛИЯ (905)";""
698;;;"ГЕРМИНОГЕННЫЕ НОВООБРАЗОВАНИЯ (906-909)";""
722;;;"ТРОФОБЛАСТИЧЕСКИЕ НОВООБРАЗОВАНИЯ (910)";""
735;;;"ОПУХОЛИ КРОВЕНОСНЫХ СОСУДОВ (912-916)";""
761;;;"ОПУХОЛИ ЛИМФАТИЧЕСКИХ СОСУДОВ (917)";""
770;;;"КОСТНЫЕ И ХОНДРОМАТОЗНЫЕ НОВООБРАЗОВАНИЯ (918-924)";""
801;;;"ГИГАНТОКЛЕТОЧНЫЕ ОПУХОЛИ (925)";""
808;;;"ПРОЧИЕ ОПУХОЛИ КОСТЕЙ (926)";""
812;;;"ОДОНТОГЕННЫЕ ОПУХОЛИ (927-934)";""
841;;;"РАЗНЫЕ ОПУХОЛИ (935-937)";""
897;;;"НЕЙРОЭПИТЕЛИАЛЬНЫЕ НОВООБРАЗОВАНИЯ (949-952)";""
926;;;"МЕНИНГИОМЫ (953)";""
940;;;"ОПУХОЛИ НЕРВНЫХ ОБОЛОЧЕК (954-957)";""
1049;;;"ЛЕЙКОЗЫ (980-994)";""
954;;;"ЗЕРНИСТОКЛЕТОЧНЫЕ ОПУХОЛИ И АЛЬВЕОЛЯРНЫЕ САРКОМЫ МЯГКИХ ТКАНЕЙ (958)";""
959;;;"ЛИМФОМА ХОДЖКИНА И НЕХОДЖКИНСКАЯ ЛИМФОМА (959-972)";""
960;959;;"ЗЛОКАЧЕСТВЕННЫЕ ЛИМФОМЫ, БДУ ИЛИ ДИФФУЗНЫЕ (959)";""
965;959;;"ЛИМФОМА ХОДЖКИНА (965-966)";""
979;959;;"НЕХОДЖКИНСКИЕ ЛИМФОМЫ (967-972)";""
980;979;;"ЛИМФОМЫ ИЗ ЗРЕЛЫХ B-КЛЕТОК (967-969)";""
997;979;;"ЗРЕЛЫЕ T- И NK-КЛЕТОЧНЫЕ ЛИМФОМЫ (970-971)";""
1010;979;;"ЛИМФОБЛАСТНАЯ ЛИМФОМА ИЗ КЛЕТОК-ПРЕДШЕСТВЕННИКОВ (972)";""
1017;;;"ПЛАЗМОКЛЕТОЧНЫЕ ОПУХОЛИ (973)";""
1025;;;"ТУЧНОКЛЕТОЧНЫЕ ОПУХОЛИ (974)";""
1110;;;"ХРОНИЧЕСКИЕ МИЕЛОПРОЛИФЕРАТИВНЫЕ ЗАБОЛЕВАНИЯ (995-996)";""
1120;;;"ПРОЧИЕ ЗАБОЛЕВАНИЯ СИСТЕМЫ КРОВИ (997)";""
1125;;;"МИЕЛОДИСПЛАСТИЧЕСКИЕ СИНДРОМЫ (998-999)";""
45;44;"8050/0";"Папиллома, БДУ (за исключением папилломы мочевого пузыря 8120/1)";""
75;73;"8090/3";"Базальноклеточный рак, БДУ (С44._)";""
131;106;"8153/3";"Гастринома, БДУ";"G-клеточная опухоль; гастринома"
182;106;"8241/3";"Карциноидная опухоль, аргентафинная";"Аргентафиннома"
184;106;"8242/3";"Опухоль из энтерохромаффиноподобных клеток, злокачественная";""
189;106;"8246/3";"Низкодифференцированная нейроэндокринная опухоль";""
262;106;"8345/3";"Медуллярный рак щитовиднйо железы";"Медуллярный рак с амилоидной стромой"
329;316;"8453/0";"8453/1 Внутрипротоковая папиллярно-муцинозная опухоль с умеренной дисплазией (С25._)";""
375;354;"8520/3";"Тубулолобулярная карцинома";"Дольковая карцинома, плеоморфная"
418;405;"8585/3";"Тимома, тип В3";"Тимома, атипическая; Тимома, епителиальная"
472;459;"8700/3";"Феохромоцитома, БДУ (С74.1)";"Параганглиома мозгового вещества надпочечника; хромафинная параганглиома; хромафинная опухоль; хромафиннома; композитная феохромацитома"
791;770;"9220/3";"Хондросаркома, Grade 2";"Хондросаркома, Grade 3"
1192;532;"8815/0";"Солитарная фиброзная опухоль/гемангиоперицитома, Grade 2";"Немангиоперицитома, доброкачественная"
1068;1058;"9823/3";"B-клеточный хронический лимфоцитарный лейкоз/лимфома из малых лимфоцитов";"Злокачественная лимфома, лимфоцитарная, БДУ; злокачественная лимфома, лимфоцитарная, диффузная, БДУ; злокачественная лимфома, мелкоклеточная, БДУ; злокачественная лимфома из малых лимфоцитов, БДУ; злокачественная лимфома, лимфоцитарная, высокодифференцированная, диффузная; злокачественная лимфома, диффузная мелкоклеточная; лимфома из малых лимфоцитов, диффузная; злокачественная лимфома из малых B-лимфоцитов, БДУ; хронический лимфоцитарный лейкоз"
1122;1120;"9971/1";"Полиморфное посттрансплантационное лимфопролиферативное заболевание";"ПТЛЗ"